rank,objective_value,fixed_ring,ring_b,ring_c,fixed_count
1,7404.6956176915,flange_ring_tilt_all_-90,forearm_cap_1_tilt_all_0,upperarm_ring_tilt_all_60,24
2,7360.5492629325,flange_ring_tilt_all_-90,forearm_cap_1_tilt_all_10,upperarm_ring_tilt_all_60,24
3,7263.8017597458,flange_ring_tilt_all_-90,forearm_cap_1_tilt_all_15,upperarm_ring_tilt_all_60,24
4,7191.4115809969,flange_ring_tilt_all_-90,forearm_cap_2_tilt_all_0,upperarm_ring_tilt_all_60,24
5,7164.1453411647,flange_ring_tilt_all_-90,forearm_cap_2_tilt_all_10,upperarm_ring_tilt_all_60,24
6,7099.3398032958,flange_ring_tilt_all_-90,forearm_cap_2_tilt_all_15,upperarm_ring_tilt_all_60,24
7,7065.1114670445,flange_ring_tilt_all_-90,upperarm_cap_2_tilt_all_0,upperarm_ring_tilt_all_45,24
8,7058.7077002644,flange_ring_tilt_all_-90,forearm_cap_1_tilt_all_15,upperarm_cap_1_tilt_all_-10,24
9,7042.3232450528,flange_ring_tilt_all_-90,upperarm_cap_2_tilt_all_0,upperarm_ring_tilt_all_60,24
10,7030.8363749254,flange_ring_tilt_all_-90,forearm_cap_1_tilt_all_15,upperarm_cap_1_tilt_all_0,24
11,7025.3194760426,flange_ring_tilt_all_-90,forearm_cap_1_tilt_all_10,upperarm_cap_1_tilt_all_-10,24
12,6971.1668062648,flange_ring_tilt_all_-90,forearm_cap_1_tilt_all_10,upperarm_cap_1_tilt_all_-15,24
13,6969.4880737564,flange_ring_tilt_all_-90,forearm_cap_1_tilt_all_15,upperarm_cap_1_tilt_all_-15,24
14,6965.1933642402,flange_ring_tilt_all_-90,upperarm_ring_tilt_all_60,wrist_cap_1_tilt_all_-60,24
15,6964.4455302502,flange_ring_tilt_all_-90,forearm_cap_1_tilt_all_10,upperarm_cap_1_tilt_all_0,24
16,6950.9020163507,flange_ring_tilt_all_-90,forearm_cap_1_tilt_all_0,upperarm_ring_tilt_all_45,24
17,6936.4838556440,flange_ring_tilt_all_-90,forearm_cap_1_tilt_all_15,upperarm_cap_2_tilt_all_-10,24
18,6919.9365597655,flange_ring_tilt_all_-90,upperarm_ring_tilt_all_60,wrist_cap_1_tilt_all_-45,24
19,6879.4397321590,flange_ring_tilt_all_-90,forearm_cap_1_tilt_all_15,upperarm_cap_2_tilt_all_-15,24
20,6875.2998677795,flange_ring_tilt_all_-90,flange_ring_tilt_all_0,upperarm_ring_tilt_all_60,24
21,6857.2485818762,flange_ring_tilt_all_-90,forearm_cap_1_tilt_all_30,upperarm_cap_2_tilt_all_0,24
22,6847.2472346075,flange_ring_tilt_all_-90,forearm_cap_1_tilt_all_15,upperarm_cap_2_tilt_all_0,24
23,6840.9440055908,flange_ring_tilt_all_-90,forearm_cap_1_tilt_all_10,upperarm_cap_2_tilt_all_-10,24
24,6840.5645369186,flange_ring_tilt_all_-90,flange_ring_tilt_all_-10,forearm_cap_1_tilt_all_15,24
25,6838.6180522838,flange_ring_tilt_all_-90,flange_ring_tilt_all_-10,forearm_cap_1_tilt_all_10,24
26,6823.9661592147,flange_ring_tilt_all_-90,forearm_cap_1_tilt_all_10,upperarm_cap_2_tilt_all_-15,24
27,6815.4487150367,flange_ring_tilt_all_-90,forearm_cap_1_tilt_all_30,upperarm_ring_tilt_all_60,24
28,6811.6689667242,flange_ring_tilt_all_-90,upperarm_ring_tilt_all_60,wrist_cap_1_tilt_all_-30,24
29,6803.3176435951,flange_ring_tilt_all_-90,upperarm_cap_2_tilt_all_-10,upperarm_ring_tilt_all_60,24
30,6802.1267172906,flange_ring_tilt_all_-90,flange_ring_tilt_all_0,forearm_cap_1_tilt_all_15,24
31,6798.7082802611,flange_ring_tilt_all_-90,forearm_cap_1_tilt_all_30,upperarm_cap_1_tilt_all_0,24
32,6797.6778998491,flange_ring_tilt_all_-90,flange_ring_tilt_all_-15,forearm_cap_1_tilt_all_10,24
33,6759.1781981824,flange_ring_tilt_all_-90,forearm_cap_2_tilt_all_15,upperarm_cap_2_tilt_all_-10,24
34,6756.1085143511,flange_ring_tilt_all_-90,forearm_cap_2_tilt_all_15,upperarm_cap_1_tilt_all_0,24
35,6754.3968276648,flange_ring_tilt_all_-90,forearm_cap_2_tilt_all_30,upperarm_ring_tilt_all_60,24
36,6746.2486820826,flange_ring_tilt_all_-90,flange_ring_tilt_all_-15,forearm_cap_1_tilt_all_15,24
37,6745.8602719689,flange_ring_tilt_all_-90,forearm_cap_2_tilt_all_15,upperarm_cap_1_tilt_all_-10,24
38,6738.4721231043,flange_ring_tilt_all_-90,forearm_cap_2_tilt_all_30,upperarm_cap_2_tilt_all_0,24
39,6719.3667491880,flange_ring_tilt_all_-90,flange_ring_tilt_all_0,forearm_cap_1_tilt_all_10,24
40,6704.0220705645,flange_ring_tilt_all_-90,forearm_cap_1_tilt_all_10,upperarm_ring_tilt_all_45,24
41,6700.8295911855,flange_ring_tilt_all_-90,upperarm_ring_tilt_all_60,upperarm_ring_x_-0.16,24
42,6699.8062191627,flange_ring_tilt_all_-90,forearm_cap_1_tilt_all_10,upperarm_cap_2_tilt_all_0,24
43,6689.5419898123,flange_ring_tilt_all_-90,forearm_cap_2_tilt_all_15,upperarm_cap_2_tilt_all_0,24
44,6688.2239519350,flange_ring_tilt_all_-90,base_cap_tilt_all_-30,upperarm_ring_tilt_all_60,24
45,6683.9504913810,flange_ring_tilt_all_-90,base_cap_tilt_all_0,upperarm_cap_2_tilt_all_0,24
46,6681.0051658382,flange_ring_tilt_all_-90,upperarm_ring_tilt_all_10,upperarm_ring_tilt_all_60,24
47,6680.3254593685,flange_ring_tilt_all_-90,forearm_cap_1_tilt_all_30,upperarm_cap_1_tilt_all_-10,24
48,6673.8661665041,flange_ring_tilt_all_-90,forearm_cap_2_tilt_all_10,upperarm_cap_1_tilt_all_-10,24
49,6672.1661799991,flange_ring_tilt_all_-90,forearm_cap_2_tilt_all_10,upperarm_cap_2_tilt_all_-10,24
50,6670.7824830524,flange_ring_tilt_all_-90,upperarm_cap_2_tilt_all_-15,upperarm_ring_tilt_all_60,24
51,6670.3341068080,flange_ring_tilt_all_-90,forearm_cap_2_tilt_all_10,upperarm_cap_1_tilt_all_0,24
52,6665.6034338119,flange_ring_tilt_all_-90,upperarm_cap_2_tilt_all_-10,upperarm_ring_tilt_all_45,24
53,6664.3690207553,flange_ring_tilt_all_-90,upperarm_ring_tilt_all_60,upperarm_ring_x_-0.21,24
54,6663.5814813564,flange_ring_tilt_all_-90,forearm_cap_2_tilt_all_30,upperarm_cap_1_tilt_all_0,24
55,6653.2195380888,flange_ring_tilt_all_-90,base_cap_tilt_all_-45,upperarm_ring_tilt_all_60,24
56,6650.1721610134,flange_ring_tilt_all_-90,upperarm_ring_tilt_all_0,upperarm_ring_tilt_all_60,24
57,6650.1721610134,flange_ring_tilt_all_-90,upperarm_ring_tilt_all_60,upperarm_ring_x_-0.11,24
58,6648.7469593309,flange_ring_tilt_all_-90,forearm_cap_2_tilt_all_15,upperarm_cap_2_tilt_all_-15,24
59,6639.5750550510,flange_ring_tilt_all_-90,base_cap_tilt_all_-15,upperarm_ring_tilt_all_60,24
60,6637.7761157295,flange_ring_tilt_all_-90,forearm_cap_1_tilt_all_0,upperarm_cap_1_tilt_all_-10,24
61,6635.4052390916,flange_ring_tilt_all_-90,upperarm_ring_tilt_all_15,upperarm_ring_tilt_all_60,24
62,6630.7050087645,flange_ring_tilt_all_-90,flange_ring_tilt_all_-10,upperarm_ring_tilt_all_60,24
63,6623.0498707430,flange_ring_tilt_all_-90,forearm_cap_2_tilt_all_15,upperarm_cap_1_tilt_all_-15,24
64,6618.7045685863,flange_ring_tilt_all_-90,forearm_cap_1_tilt_all_0,upperarm_cap_1_tilt_all_-15,24
65,6615.5845269696,flange_ring_tilt_all_-90,forearm_cap_2_tilt_all_10,upperarm_cap_2_tilt_all_-15,24
66,6614.8368834862,flange_ring_tilt_all_-90,forearm_cap_1_tilt_all_30,upperarm_cap_2_tilt_all_-10,24
67,6608.3896111503,flange_ring_tilt_all_-90,forearm_cap_1_tilt_all_0,wrist_cap_1_tilt_all_-30,24
68,6602.7016906867,flange_ring_tilt_all_-90,forearm_cap_2_tilt_all_10,upperarm_cap_1_tilt_all_-15,24
69,6601.0722328314,flange_ring_tilt_all_-90,upperarm_ring_tilt_all_60,wrist_cap_1_tilt_all_-15,24
70,6593.0995347183,flange_ring_tilt_all_-90,base_cap_tilt_all_-10,upperarm_ring_tilt_all_60,24
71,6592.8167917881,flange_ring_tilt_all_-90,upperarm_ring_tilt_all_60,upperarm_ring_x_-0.26,24
72,6588.4423441465,flange_ring_tilt_all_-90,forearm_cap_1_tilt_all_0,wrist_cap_1_tilt_all_-45,24
73,6575.9930957756,flange_ring_tilt_all_-90,upperarm_ring_tilt_all_60,wrist_cap_1_tilt_all_-10,24
74,6575.9700871982,flange_ring_tilt_all_-90,forearm_cap_1_tilt_all_10,wrist_cap_1_tilt_all_-30,24
75,6566.0193377044,flange_ring_tilt_all_-90,upperarm_ring_tilt_all_60,wrist_cap_1_tilt_all_0,24
76,6556.3032831450,flange_ring_tilt_all_-90,forearm_cap_1_tilt_all_10,wrist_cap_1_tilt_all_-45,24
77,6553.1687699212,flange_ring_tilt_all_-90,forearm_cap_1_tilt_all_0,upperarm_cap_1_tilt_all_0,24
78,6550.3556211551,flange_ring_tilt_all_-90,base_cap_tilt_all_-10,upperarm_cap_2_tilt_all_0,24
79,6547.5502923521,flange_ring_tilt_all_-90,forearm_cap_2_tilt_all_10,upperarm_cap_2_tilt_all_0,24
80,6535.7835760914,flange_ring_tilt_all_-90,forearm_cap_2_tilt_all_30,upperarm_cap_1_tilt_all_-10,24
81,6512.6403414035,flange_ring_tilt_all_-90,forearm_cap_2_tilt_all_30,upperarm_cap_2_tilt_all_-10,24
82,6508.4237488448,flange_ring_tilt_all_-90,base_cap_tilt_all_0,upperarm_ring_tilt_all_60,24
83,6504.4463665574,flange_ring_tilt_all_-90,upperarm_ring_tilt_all_60,wrist_cap_2_tilt_all_10,24
84,6502.5486728485,flange_ring_tilt_all_-90,flange_ring_tilt_all_-15,upperarm_ring_tilt_all_60,24
85,6501.2284175094,flange_ring_tilt_all_-90,upperarm_ring_tilt_all_60,upperarm_ring_x_-0.31,24
86,6494.1427694725,flange_ring_tilt_all_-90,base_cap_tilt_all_0,flange_ring_tilt_all_0,24
87,6493.0137570426,flange_ring_tilt_all_-90,upperarm_ring_tilt_all_60,wrist_cap_2_tilt_all_15,24
88,6487.3604533908,flange_ring_tilt_all_-90,flange_ring_tilt_all_-15,forearm_cap_1_tilt_all_0,24
89,6487.0635465970,flange_ring_tilt_all_-90,base_cap_tilt_all_-10,forearm_cap_1_tilt_all_0,24
90,6486.7793335884,flange_ring_tilt_all_-90,upperarm_ring_tilt_all_60,wrist_cap_2_tilt_all_0,24
91,6485.6662277003,flange_ring_tilt_all_-90,base_cap_tilt_all_-60,upperarm_ring_tilt_all_60,24
92,6470.6492332645,flange_ring_tilt_all_-90,base_cap_tilt_all_-15,forearm_cap_1_tilt_all_0,24
93,6467.5023270850,flange_ring_tilt_all_-90,forearm_cap_1_tilt_all_15,upperarm_ring_tilt_all_45,24
94,6463.4925587690,flange_ring_tilt_all_-90,flange_ring_tilt_all_-10,forearm_cap_1_tilt_all_0,24
95,6450.3102377376,flange_ring_tilt_all_-90,base_cap_tilt_all_0,wrist_cap_1_tilt_all_-30,24
96,6447.5352805453,flange_ring_tilt_all_-90,forearm_cap_1_tilt_all_0,upperarm_cap_2_tilt_all_-15,24
97,6438.6077376194,flange_ring_tilt_all_-90,base_cap_tilt_all_0,forearm_cap_1_tilt_all_0,24
98,6434.2797034707,flange_ring_tilt_all_-90,base_cap_tilt_all_0,wrist_cap_1_tilt_all_-45,24
99,6432.8267441665,flange_ring_tilt_all_-90,base_cap_tilt_all_0,upperarm_cap_2_tilt_all_-10,24
100,6415.6760613021,flange_ring_tilt_all_-90,upperarm_ring_tilt_all_60,wrist_cap_2_tilt_all_30,24
101,6411.8331348851,flange_ring_tilt_all_-90,forearm_cap_1_tilt_all_0,upperarm_cap_2_tilt_all_-10,24
102,6411.0034725850,flange_ring_tilt_all_-90,forearm_cap_2_tilt_all_0,upperarm_cap_1_tilt_all_0,24
103,6408.2935998315,flange_ring_tilt_all_-90,upperarm_ring_tilt_all_60,upperarm_ring_x_-0.36,24
104,6402.6199371353,flange_ring_tilt_all_-90,upperarm_cap_2_tilt_all_-15,upperarm_ring_tilt_all_45,24
105,6400.7116894839,flange_ring_tilt_all_-90,base_cap_tilt_all_-15,upperarm_cap_2_tilt_all_0,24
106,6399.3283691318,flange_ring_tilt_all_-90,flange_ring_tilt_all_0,forearm_cap_1_tilt_all_30,24
107,6397.9799463685,flange_ring_tilt_all_-90,upperarm_ring_tilt_all_30,upperarm_ring_tilt_all_60,24
108,6397.6413355944,flange_ring_tilt_all_-90,forearm_cap_1_tilt_all_15,wrist_cap_1_tilt_all_-30,24
109,6383.6664690454,flange_ring_tilt_all_-90,forearm_cap_1_tilt_all_0,wrist_cap_1_tilt_all_-60,24
110,6370.1147160644,flange_ring_tilt_all_-90,forearm_cap_1_tilt_all_15,wrist_cap_1_tilt_all_-45,24
111,6366.2891229570,flange_ring_tilt_all_-90,forearm_cap_1_tilt_all_30,upperarm_cap_1_tilt_all_-15,24
112,6359.5444337294,flange_ring_tilt_all_-90,base_cap_tilt_all_0,forearm_cap_2_tilt_all_0,24
113,6353.3171657123,flange_ring_tilt_all_-90,forearm_cap_1_tilt_all_10,upperarm_cap_2_tilt_all_-30,24
114,6336.7964475947,flange_ring_tilt_all_-90,upperarm_cap_1_tilt_all_0,upperarm_ring_tilt_all_60,24
115,6336.6332728262,flange_ring_tilt_all_-90,forearm_cap_1_tilt_all_10,wrist_cap_1_tilt_all_-60,24
116,6334.2205205117,flange_ring_tilt_all_-90,forearm_cap_1_tilt_all_30,upperarm_cap_2_tilt_all_-15,24
117,6332.8182328277,flange_ring_tilt_all_-90,flange_ring_tilt_all_-10,forearm_cap_2_tilt_all_15,24
118,6326.6375788839,flange_ring_tilt_all_-90,flange_ring_tilt_all_0,forearm_cap_2_tilt_all_30,24
119,6326.0893860078,flange_ring_tilt_all_-90,forearm_cap_2_tilt_all_0,upperarm_cap_1_tilt_all_-10,24
120,6321.1260931158,flange_ring_tilt_all_-90,upperarm_ring_tilt_all_60,upperarm_ring_x_-0.41,24
121,6318.2035442030,flange_ring_tilt_all_-90,flange_ring_tilt_all_0,forearm_cap_1_tilt_all_0,24
122,6317.6463774903,flange_ring_tilt_all_-90,forearm_cap_1_tilt_all_45,upperarm_ring_tilt_all_60,24
123,6315.7713459034,flange_ring_tilt_all_-90,base_cap_tilt_all_-10,forearm_cap_2_tilt_all_0,24
124,6312.7366199594,flange_ring_tilt_all_-90,forearm_cap_2_tilt_all_0,upperarm_cap_2_tilt_all_-15,24
125,6310.1802855000,flange_ring_tilt_all_-90,forearm_cap_2_tilt_all_0,upperarm_cap_1_tilt_all_-15,24
126,6304.3561691764,flange_ring_tilt_all_-90,flange_ring_tilt_all_0,forearm_cap_2_tilt_all_15,24
127,6303.1038631385,flange_ring_tilt_all_-90,upperarm_cap_1_tilt_all_0,upperarm_ring_tilt_all_45,24
128,6301.5410303006,flange_ring_tilt_all_-90,forearm_cap_2_tilt_all_0,upperarm_cap_2_tilt_all_-10,24
129,6287.8805589575,flange_ring_tilt_all_-90,forearm_cap_2_tilt_all_45,upperarm_ring_tilt_all_60,24
130,6285.5063819590,flange_ring_tilt_all_-90,base_cap_tilt_all_-10,forearm_cap_1_tilt_all_10,24
131,6284.4318352311,flange_ring_tilt_all_-90,flange_ring_tilt_all_-10,forearm_cap_2_tilt_all_10,24
132,6273.7801912366,flange_ring_tilt_all_-90,base_cap_tilt_all_-10,flange_ring_tilt_all_0,24
133,6272.0679289229,flange_ring_tilt_all_-90,upperarm_cap_1_tilt_all_-10,upperarm_ring_tilt_all_60,24
134,6260.8374046161,flange_ring_tilt_all_-90,base_cap_tilt_all_-15,forearm_cap_1_tilt_all_10,24
135,6259.7702917303,flange_ring_tilt_all_-90,base_cap_tilt_all_0,forearm_cap_1_tilt_all_10,24
136,6255.5683478203,flange_ring_tilt_all_-90,upperarm_ring_tilt_all_60,wrist_cap_2_tilt_all_45,24
137,6249.1384921511,flange_ring_tilt_all_-90,flange_ring_tilt_all_-15,forearm_cap_2_tilt_all_15,24
138,6248.6784940425,flange_ring_tilt_all_-90,flange_ring_tilt_all_-15,forearm_cap_2_tilt_all_10,24
139,6243.4878696276,flange_ring_tilt_all_-90,upperarm_cap_2_tilt_all_0,wrist_cap_1_tilt_all_-30,24
140,6243.1365626781,flange_ring_tilt_all_-90,upperarm_cap_2_tilt_all_-30,upperarm_ring_tilt_all_60,24
141,6241.8946403435,flange_ring_tilt_all_-90,forearm_cap_1_tilt_all_0,wrist_cap_1_tilt_all_-15,24
142,6240.2494657549,flange_ring_tilt_all_-90,upperarm_ring_tilt_all_60,upperarm_ring_x_-0.46,24
143,6234.7851424574,flange_ring_tilt_all_-90,upperarm_cap_1_tilt_all_-15,upperarm_ring_tilt_all_60,24
144,6233.1309687067,flange_ring_tilt_all_-90,forearm_cap_1_tilt_all_0,upperarm_cap_2_tilt_all_-30,24
145,6232.7717221005,flange_ring_tilt_all_-90,base_cap_tilt_all_0,upperarm_cap_2_tilt_all_-15,24
146,6231.4811829805,flange_ring_tilt_all_-90,forearm_cap_2_tilt_all_0,upperarm_ring_tilt_all_45,24
147,6227.2251342749,flange_ring_tilt_all_-90,forearm_cap_2_tilt_all_30,upperarm_cap_1_tilt_all_-15,24
148,6224.0816716360,flange_ring_tilt_all_-90,base_cap_tilt_all_-10,upperarm_cap_2_tilt_all_-10,24
149,6221.9642966302,flange_ring_tilt_all_-90,flange_ring_tilt_all_-30,forearm_cap_1_tilt_all_10,24
150,6205.9670880038,flange_ring_tilt_all_-90,forearm_cap_2_tilt_all_30,upperarm_cap_2_tilt_all_-15,24
151,6204.4455069207,flange_ring_tilt_all_-90,upperarm_cap_2_tilt_all_0,wrist_cap_1_tilt_all_-45,24
152,6203.3956761097,flange_ring_tilt_all_-90,forearm_cap_1_tilt_all_0,upperarm_cap_2_tilt_all_0,24
153,6202.9048287486,flange_ring_tilt_all_-90,forearm_cap_1_tilt_all_10,wrist_cap_1_tilt_all_-15,24
154,6202.1144297231,flange_ring_tilt_all_-90,base_cap_tilt_all_0,flange_ring_tilt_all_-10,24
155,6195.2595521307,flange_ring_tilt_all_-90,base_cap_tilt_all_-15,forearm_cap_2_tilt_all_0,24
156,6188.0143507924,flange_ring_tilt_all_-90,base_cap_tilt_all_0,wrist_cap_1_tilt_all_-60,24
157,6186.9517761932,flange_ring_tilt_all_-90,base_cap_tilt_all_-10,wrist_cap_1_tilt_all_-30,24
158,6186.0073147704,flange_ring_tilt_all_-90,flange_ring_tilt_all_0,forearm_cap_2_tilt_all_10,24
159,6185.1708864905,flange_ring_tilt_all_-90,base_cap_tilt_all_0,upperarm_ring_tilt_all_45,24
160,6174.3016156269,flange_ring_tilt_all_-90,forearm_cap_1_tilt_all_15,upperarm_cap_2_tilt_all_-30,24
161,6172.0531226017,flange_ring_tilt_all_-90,upperarm_cap_1_tilt_all_-10,upperarm_ring_tilt_all_45,24
162,6170.5188719844,flange_ring_tilt_all_-90,flange_ring_tilt_all_-30,forearm_cap_1_tilt_all_0,24
163,6170.1998059948,flange_ring_tilt_all_-90,base_cap_tilt_all_-10,wrist_cap_1_tilt_all_-45,24
164,6167.7310269093,flange_ring_tilt_all_-90,base_cap_tilt_all_0,forearm_cap_2_tilt_all_10,24
165,6167.4848043094,flange_ring_tilt_all_-90,flange_ring_tilt_all_0,upperarm_ring_tilt_all_45,24
166,6165.6024179559,flange_ring_tilt_all_-90,flange_ring_tilt_all_-10,forearm_cap_1_tilt_all_30,24
167,6165.0488175018,flange_ring_tilt_all_-90,upperarm_ring_tilt_all_60,upperarm_ring_x_-0.51,24
168,6164.1398976062,flange_ring_tilt_all_-90,base_cap_tilt_all_0,upperarm_cap_1_tilt_all_0,24
169,6159.5528314467,flange_ring_tilt_all_-90,forearm_cap_1_tilt_all_0,wrist_cap_1_tilt_all_-10,24
170,6158.6630015247,flange_ring_tilt_all_-90,base_cap_tilt_all_-10,upperarm_ring_tilt_all_45,24
171,6145.4552921756,flange_ring_tilt_all_-90,forearm_cap_2_tilt_all_0,upperarm_cap_2_tilt_all_0,24
172,6142.3554213718,flange_ring_tilt_all_-90,forearm_cap_2_tilt_all_45,upperarm_cap_2_tilt_all_0,24
173,6141.4651827854,flange_ring_tilt_all_-90,forearm_cap_1_tilt_all_45,upperarm_cap_2_tilt_all_0,24
174,6141.1952023232,flange_ring_tilt_all_-90,upperarm_ring_tilt_all_45,upperarm_ring_tilt_all_60,24
175,6137.6791612580,flange_ring_tilt_all_-90,forearm_cap_1_tilt_all_15,wrist_cap_1_tilt_all_-60,24
176,6132.5407976322,flange_ring_tilt_all_-90,upperarm_cap_1_tilt_all_-30,upperarm_ring_tilt_all_60,24
177,6126.1630071116,flange_ring_tilt_all_-90,flange_ring_tilt_all_-30,upperarm_ring_tilt_all_60,24
178,6122.1667332024,flange_ring_tilt_all_-90,base_cap_tilt_all_-10,forearm_cap_2_tilt_all_10,24
179,6118.4204068766,flange_ring_tilt_all_-90,forearm_cap_1_tilt_all_10,wrist_cap_1_tilt_all_-10,24
180,6117.2948865458,flange_ring_tilt_all_-90,forearm_cap_1_tilt_all_45,upperarm_cap_1_tilt_all_0,24
181,6108.5214135897,flange_ring_tilt_all_-90,base_cap_tilt_all_-10,forearm_cap_1_tilt_all_15,24
182,6106.9657076179,flange_ring_tilt_all_-90,base_cap_tilt_all_0,forearm_cap_1_tilt_all_15,24
183,6106.2841552687,flange_ring_tilt_all_-90,base_cap_tilt_all_-10,upperarm_cap_1_tilt_all_0,24
184,6091.1987870618,flange_ring_tilt_all_-90,base_cap_tilt_all_0,wrist_cap_1_tilt_all_-15,24
185,6085.9966375306,flange_ring_tilt_all_-90,forearm_cap_2_tilt_all_10,upperarm_ring_tilt_all_45,24
186,6079.3222460668,flange_ring_tilt_all_-90,upperarm_ring_tilt_all_60,wrist_cap_2_tilt_all_60,24
187,6077.9293326982,flange_ring_tilt_all_-90,base_cap_tilt_all_-15,forearm_cap_1_tilt_all_15,24
188,6068.9542059833,flange_ring_tilt_all_-90,forearm_cap_2_tilt_all_45,upperarm_cap_1_tilt_all_0,24
189,6058.2133405316,flange_ring_tilt_all_-90,base_cap_tilt_all_-15,upperarm_ring_tilt_all_45,24
190,6046.0041660080,flange_ring_tilt_all_-90,flange_ring_tilt_all_-10,forearm_cap_2_tilt_all_30,24
191,6045.7638961942,flange_ring_tilt_all_-90,forearm_cap_1_tilt_all_15,wrist_cap_1_tilt_all_-15,24
192,6044.0877951080,flange_ring_tilt_all_-90,base_cap_tilt_all_-15,upperarm_cap_2_tilt_all_-10,24
193,6038.4164047287,flange_ring_tilt_all_-90,base_cap_tilt_all_-15,flange_ring_tilt_all_0,24
194,6033.6610770067,flange_ring_tilt_all_-90,base_cap_tilt_all_-15,upperarm_cap_1_tilt_all_0,24
195,6031.7712949867,flange_ring_tilt_all_-90,base_cap_tilt_all_0,flange_ring_tilt_all_-15,24
196,6022.2387824223,flange_ring_tilt_all_-90,base_cap_tilt_all_-15,forearm_cap_2_tilt_all_10,24
197,6020.2954125439,flange_ring_tilt_all_-90,base_cap_tilt_all_0,forearm_cap_2_tilt_all_15,24
198,6019.2765650199,flange_ring_tilt_all_-90,upperarm_cap_1_tilt_all_-45,upperarm_ring_tilt_all_60,24
199,6013.5394190312,flange_ring_tilt_all_-90,forearm_cap_1_tilt_all_0,wrist_cap_1_tilt_all_0,24
200,6012.6371867278,flange_ring_tilt_all_-90,base_cap_tilt_all_-10,upperarm_cap_2_tilt_all_-15,24
201,6009.4099629293,flange_ring_tilt_all_-90,flange_ring_tilt_all_-15,forearm_cap_2_tilt_all_0,24
202,6009.0936843108,flange_ring_tilt_all_-90,forearm_cap_1_tilt_all_10,wrist_cap_1_tilt_all_0,24
203,6008.4953603102,flange_ring_tilt_all_-90,base_cap_tilt_all_0,upperarm_cap_1_tilt_all_-10,24
204,6007.2827675851,flange_ring_tilt_all_-90,flange_ring_tilt_all_-30,forearm_cap_1_tilt_all_15,24
205,6004.9548268549,flange_ring_tilt_all_-90,upperarm_cap_2_tilt_all_0,wrist_cap_1_tilt_all_-60,24
206,5996.7680313567,flange_ring_tilt_all_-90,forearm_cap_1_tilt_all_60,upperarm_ring_tilt_all_60,24
207,5992.2250126558,flange_ring_tilt_all_-90,base_cap_tilt_all_0,wrist_cap_1_tilt_all_-10,24
208,5989.8918193607,flange_ring_tilt_all_-90,upperarm_cap_1_tilt_all_-15,upperarm_ring_tilt_all_45,24
209,5988.0574533109,flange_ring_tilt_all_-90,base_cap_tilt_all_-10,forearm_cap_2_tilt_all_15,24
210,5985.9014416097,flange_ring_tilt_all_-90,forearm_cap_1_tilt_all_0,upperarm_cap_1_tilt_all_-30,24
211,5980.2990741576,flange_ring_tilt_all_-90,flange_ring_tilt_all_-10,forearm_cap_2_tilt_all_0,24
212,5974.3685524697,flange_ring_tilt_all_-90,upperarm_cap_2_tilt_all_0,wrist_cap_2_tilt_all_30,24
213,5973.6711768971,flange_ring_tilt_all_-90,forearm_cap_1_tilt_all_10,upperarm_cap_1_tilt_all_-30,24
214,5972.1368830339,flange_ring_tilt_all_-90,forearm_cap_2_tilt_all_15,upperarm_ring_tilt_all_45,24
215,5967.7998716351,flange_ring_tilt_all_-90,forearm_cap_1_tilt_all_15,wrist_cap_1_tilt_all_-10,24
216,5962.3280903461,flange_ring_tilt_all_-90,upperarm_cap_1_tilt_all_0,wrist_cap_2_tilt_all_30,24
217,5962.0375517593,flange_ring_tilt_all_-90,upperarm_cap_2_tilt_all_-10,wrist_cap_2_tilt_all_30,24
218,5961.6256693876,flange_ring_tilt_all_-90,base_cap_tilt_all_-10,flange_ring_tilt_all_-10,24
219,5959.6659235327,flange_ring_tilt_all_-90,forearm_cap_2_tilt_all_60,upperarm_ring_tilt_all_60,24
220,5953.6619890808,flange_ring_tilt_all_-90,base_cap_tilt_all_-15,wrist_cap_1_tilt_all_-30,24
221,5949.9976145044,flange_ring_tilt_all_-90,flange_ring_tilt_all_-15,forearm_cap_1_tilt_all_30,24
222,5939.6167766405,flange_ring_tilt_all_-90,forearm_ring,upperarm_ring_tilt_all_60,24
223,5939.6167766405,flange_ring_tilt_all_-90,forearm_ring_x_-0.10,upperarm_ring_tilt_all_60,24
224,5935.2644049940,flange_ring_tilt_all_-90,base_cap_tilt_all_-10,wrist_cap_1_tilt_all_-60,24
225,5932.4567861968,flange_ring_tilt_all_-90,upperarm_cap_2_tilt_all_-45,upperarm_ring_tilt_all_60,24
226,5931.5194102093,flange_ring_tilt_all_-90,flange_ring_tilt_all_-10,upperarm_ring_tilt_all_45,24
227,5930.9177567091,flange_ring_tilt_all_-90,base_cap_tilt_all_-15,wrist_cap_1_tilt_all_-45,24
228,5923.3876627990,flange_ring_tilt_all_-90,upperarm_cap_1_tilt_all_-60,upperarm_ring_tilt_all_60,24
229,5915.2649461791,flange_ring_tilt_all_-90,base_cap_tilt_all_0,wrist_cap_2_tilt_all_0,24
230,5913.2301854640,flange_ring_tilt_all_-90,forearm_ring_x_-0.15,upperarm_ring_tilt_all_60,24
231,5913.1571143223,flange_ring_tilt_all_-90,flange_ring_tilt_all_0,wrist_cap_2_tilt_all_30,24
232,5909.9243995322,flange_ring_tilt_all_-90,base_cap_tilt_all_-10,upperarm_cap_1_tilt_all_-10,24
233,5904.3037682002,flange_ring_tilt_all_-90,base_cap_tilt_all_-30,forearm_cap_1_tilt_all_0,24
234,5900.5463756134,flange_ring_tilt_all_-90,base_cap_tilt_all_-15,forearm_cap_2_tilt_all_15,24
235,5894.1256163292,flange_ring_tilt_all_-90,forearm_ring_x_-0.20,upperarm_ring_tilt_all_60,24
236,5893.5183098897,flange_ring_tilt_all_-90,upperarm_cap_2_tilt_all_0,wrist_cap_1_tilt_all_-15,24
237,5891.2495598487,flange_ring_tilt_all_-90,base_cap_tilt_all_-10,wrist_cap_2_tilt_all_0,24
238,5881.7500619644,flange_ring_tilt_all_-90,forearm_cap_1_tilt_all_15,wrist_cap_1_tilt_all_0,24
239,5879.3472547131,flange_ring_tilt_all_-90,forearm_ring_x_-0.25,upperarm_ring_tilt_all_60,24
240,5877.0239946325,flange_ring_tilt_all_-90,upperarm_cap_1_tilt_all_-10,wrist_cap_2_tilt_all_30,24
241,5876.7141267957,flange_ring_tilt_all_-90,base_cap_tilt_all_-10,wrist_cap_1_tilt_all_-15,24
242,5875.1559127065,flange_ring_tilt_all_-90,base_cap_tilt_all_0,upperarm_cap_1_tilt_all_-15,24
243,5870.2258769853,flange_ring_tilt_all_-90,forearm_ring_x_-0.30,upperarm_ring_tilt_all_60,24
244,5864.2147946712,flange_ring_tilt_all_-90,forearm_ring_x_-0.35,upperarm_ring_tilt_all_60,24
245,5860.6808920947,flange_ring_tilt_all_-90,forearm_ring_x_-0.50,upperarm_ring_tilt_all_60,24
246,5860.3349449189,flange_ring_tilt_all_-90,base_cap_tilt_all_-30,forearm_cap_1_tilt_all_10,24
247,5860.0367394011,flange_ring_tilt_all_-90,forearm_ring_x_-0.40,upperarm_ring_tilt_all_60,24
248,5858.0398247209,flange_ring_tilt_all_-90,forearm_ring_x_-0.45,upperarm_ring_tilt_all_60,24
249,5849.7122762765,flange_ring_tilt_all_-90,base_cap_tilt_all_0,wrist_cap_2_tilt_all_10,24
250,5848.0359925368,flange_ring_tilt_all_-90,upperarm_cap_2_tilt_all_0,wrist_cap_2_tilt_all_45,24
251,5844.8501725687,flange_ring_tilt_all_-90,base_cap_tilt_all_-10,wrist_cap_2_tilt_all_10,24
252,5835.9887741739,flange_ring_tilt_all_-90,forearm_ring_x_-0.55,upperarm_ring_tilt_all_60,24
253,5833.5016566029,flange_ring_tilt_all_-90,base_cap_tilt_all_0,upperarm_ring_tilt_all_30,24
254,5832.8976861559,flange_ring_tilt_all_-90,base_cap_tilt_all_0,wrist_cap_1_tilt_all_0,24
255,5828.6009839852,flange_ring_tilt_all_-90,base_cap_tilt_all_-15,upperarm_cap_2_tilt_all_-15,24
256,5825.7541803518,flange_ring_tilt_all_-90,flange_ring_tilt_all_-45,upperarm_ring_tilt_all_60,24
257,5825.4297228600,flange_ring_tilt_all_-90,upperarm_cap_1_tilt_all_0,wrist_cap_2_tilt_all_45,24
258,5825.0103691934,flange_ring_tilt_all_-90,upperarm_cap_2_tilt_all_-15,wrist_cap_2_tilt_all_30,24
259,5823.7371622122,flange_ring_tilt_all_-90,forearm_cap_2_tilt_all_0,upperarm_cap_2_tilt_all_-30,24
260,5816.4509402502,flange_ring_tilt_all_-90,flange_ring_tilt_all_-15,upperarm_ring_tilt_all_45,24
261,5815.8729936217,flange_ring_tilt_all_-90,flange_ring_tilt_all_-15,forearm_cap_2_tilt_all_30,24
262,5815.2346994994,flange_ring_tilt_all_-90,forearm_cap_2_tilt_all_10,upperarm_cap_2_tilt_all_-30,24
263,5814.3329389701,flange_ring_tilt_all_-90,base_cap_tilt_all_-10,wrist_cap_1_tilt_all_-10,24
264,5810.2589529343,flange_ring_tilt_all_-90,upperarm_cap_2_tilt_all_-60,upperarm_ring_tilt_all_60,24
265,5805.3077033635,flange_ring_tilt_all_-90,upperarm_cap_2_tilt_all_0,wrist_cap_1_tilt_all_-10,24
266,5798.4228482794,flange_ring_tilt_all_-90,base_cap_tilt_all_-15,upperarm_cap_1_tilt_all_-10,24
267,5797.2589557559,flange_ring_tilt_all_-90,base_cap_tilt_all_-30,upperarm_ring_tilt_all_45,24
268,5794.0332261301,flange_ring_tilt_all_-90,upperarm_cap_2_tilt_all_0,upperarm_ring_tilt_all_30,24
269,5792.5418989656,flange_ring_tilt_all_-90,upperarm_ring_tilt_all_45,wrist_cap_1_tilt_all_-45,24
270,5792.1068228668,flange_ring_tilt_all_-90,upperarm_ring_tilt_all_45,wrist_cap_1_tilt_all_-60,24
271,5790.3327969234,flange_ring_tilt_all_-90,base_cap_tilt_all_-10,flange_ring_tilt_all_-15,24
272,5790.1226471606,flange_ring_tilt_all_-90,forearm_cap_1_tilt_all_0,upperarm_ring_tilt_all_30,24
273,5787.6958811202,flange_ring_tilt_all_-90,forearm_cap_2_tilt_all_45,upperarm_cap_1_tilt_all_-10,24
274,5787.5744821250,flange_ring_tilt_all_-90,flange_ring_tilt_all_0,forearm_cap_2_tilt_all_0,24
275,5787.3626053129,flange_ring_tilt_all_-90,base_cap_tilt_all_0,wrist_cap_2_tilt_all_15,24
276,5780.1921127307,flange_ring_tilt_all_-90,base_cap_tilt_all_-10,wrist_cap_2_tilt_all_15,24
277,5777.1678567278,flange_ring_tilt_all_-90,flange_ring_tilt_all_-60,upperarm_ring_tilt_all_60,24
278,5777.0689707705,flange_ring_tilt_all_-90,upperarm_cap_1_tilt_all_0,wrist_cap_2_tilt_all_15,24
279,5774.2470033168,flange_ring_tilt_all_-90,base_cap_tilt_all_-15,wrist_cap_2_tilt_all_0,24
280,5768.8053209591,flange_ring_tilt_all_-90,base_cap_tilt_all_-30,upperarm_cap_2_tilt_all_0,24
281,5767.1086358160,flange_ring_tilt_all_-90,flange_ring_tilt_all_-75,upperarm_ring_tilt_all_60,24
282,5761.8861578299,flange_ring_tilt_all_-90,upperarm_cap_1_tilt_all_-15,wrist_cap_2_tilt_all_30,24
283,5761.7499878295,flange_ring_tilt_all_-90,upperarm_cap_1_tilt_all_0,wrist_cap_1_tilt_all_-45,24
284,5751.6097938905,flange_ring_tilt_all_-90,forearm_cap_1_tilt_all_0,forearm_ring_x_-0.30,24
285,5749.9788582440,flange_ring_tilt_all_-90,forearm_cap_1_tilt_all_0,forearm_ring_x_-0.35,24
286,5749.4547892632,flange_ring_tilt_all_-90,base_cap_tilt_all_-15,wrist_cap_2_tilt_all_10,24
287,5747.1984988764,flange_ring_tilt_all_-90,base_cap_tilt_all_-30,forearm_cap_1_tilt_all_15,24
288,5741.7139835016,flange_ring_tilt_all_-90,upperarm_cap_2_tilt_all_-10,wrist_cap_1_tilt_all_-30,24
289,5740.5965259241,flange_ring_tilt_all_-90,forearm_cap_1_tilt_all_15,upperarm_cap_1_tilt_all_-30,24
290,5738.7825143434,flange_ring_tilt_all_-90,forearm_cap_1_tilt_all_0,forearm_ring_x_-0.25,24
291,5737.7209027839,flange_ring_tilt_all_-90,upperarm_ring_tilt_all_45,wrist_cap_1_tilt_all_-30,24
292,5734.8634004958,flange_ring_tilt_all_-90,base_cap_tilt_all_-10,upperarm_cap_1_tilt_all_-15,24
293,5728.3883059229,flange_ring_tilt_all_-90,base_cap_tilt_all_-15,flange_ring_tilt_all_-10,24
294,5727.9365758495,flange_ring_tilt_all_-90,base_cap_tilt_all_-10,wrist_cap_1_tilt_all_0,24
295,5727.6653909855,flange_ring_tilt_all_-90,forearm_cap_1_tilt_all_0,forearm_ring_x_-0.40,24
296,5727.2662244845,flange_ring_tilt_all_-90,flange_ring_tilt_all_0,wrist_cap_2_tilt_all_45,24
297,5723.6482462832,flange_ring_tilt_all_-90,upperarm_cap_1_tilt_all_0,wrist_cap_1_tilt_all_-60,24
298,5718.3849953247,flange_ring_tilt_all_-90,upperarm_cap_1_tilt_all_0,wrist_cap_1_tilt_all_-30,24
299,5712.3020619109,flange_ring_tilt_all_-90,flange_ring_tilt_all_-10,wrist_cap_2_tilt_all_30,24
300,5712.2371803001,flange_ring_tilt_all_-90,upperarm_ring_tilt_all_45,wrist_cap_2_tilt_all_0,24
301,5711.5144419340,flange_ring_tilt_all_-90,forearm_cap_1_tilt_all_0,forearm_ring_x_-0.20,24
302,5704.9172622557,flange_ring_tilt_all_-90,base_cap_tilt_all_-15,wrist_cap_1_tilt_all_-60,24
303,5703.6264261762,flange_ring_tilt_all_-90,forearm_cap_1_tilt_all_45,upperarm_cap_1_tilt_all_-10,24
304,5700.4564339977,flange_ring_tilt_all_-90,flange_ring_tilt_all_-30,forearm_cap_2_tilt_all_0,24
305,5699.8599686381,flange_ring_tilt_all_-90,forearm_cap_2_tilt_all_0,wrist_cap_1_tilt_all_-30,24
306,5699.3832687845,flange_ring_tilt_all_-90,forearm_cap_1_tilt_all_30,wrist_cap_1_tilt_all_-30,24
307,5695.7980367788,flange_ring_tilt_all_-90,upperarm_cap_2_tilt_all_-10,wrist_cap_1_tilt_all_-45,24
308,5693.9527922775,flange_ring_tilt_all_-90,upperarm_cap_1_tilt_all_0,upperarm_ring_tilt_all_30,24
309,5693.6544446997,flange_ring_tilt_all_-90,upperarm_cap_1_tilt_all_0,wrist_cap_2_tilt_all_10,24
310,5690.8480018381,flange_ring_tilt_all_-90,forearm_cap_2_tilt_all_15,upperarm_cap_2_tilt_all_-30,24
311,5688.4132613966,flange_ring_tilt_all_-90,base_cap_tilt_all_-15,wrist_cap_2_tilt_all_15,24
312,5685.4764437835,flange_ring_tilt_all_-90,flange_ring_tilt_all_0,forearm_cap_2_tilt_all_45,24
313,5682.4289168947,flange_ring_tilt_all_-90,forearm_cap_1_tilt_all_0,forearm_ring_x_-0.45,24
314,5682.1221747244,flange_ring_tilt_all_-90,upperarm_ring_tilt_all_45,wrist_cap_1_tilt_all_0,24
315,5681.3064810746,flange_ring_tilt_all_-90,upperarm_ring_tilt_all_45,wrist_cap_2_tilt_all_10,24
316,5677.1606399124,flange_ring_tilt_all_-90,forearm_cap_1_tilt_all_0,forearm_cap_1_tilt_all_45,24
317,5674.7668629519,flange_ring_tilt_all_-90,base_cap_tilt_all_-15,wrist_cap_1_tilt_all_-15,24
318,5669.2795256409,flange_ring_tilt_all_-90,forearm_cap_1_tilt_all_0,forearm_ring_x_-0.15,24
319,5668.4605114324,flange_ring_tilt_all_-90,forearm_cap_2_tilt_all_45,upperarm_cap_2_tilt_all_-10,24
320,5667.5859495209,flange_ring_tilt_all_-90,upperarm_cap_2_tilt_all_-10,wrist_cap_2_tilt_all_45,24
321,5662.4378978951,flange_ring_tilt_all_-90,forearm_cap_2_tilt_all_10,wrist_cap_1_tilt_all_-30,24
322,5662.3926403315,flange_ring_tilt_all_-90,upperarm_cap_2_tilt_all_-10,wrist_cap_2_tilt_all_15,24
323,5662.0930553093,flange_ring_tilt_all_-90,forearm_cap_1_tilt_all_0,forearm_cap_2_tilt_all_30,24
324,5654.2027404838,flange_ring_tilt_all_-90,upperarm_cap_1_tilt_all_-10,wrist_cap_2_tilt_all_45,24
325,5651.9786991072,flange_ring_tilt_all_-90,upperarm_cap_2_tilt_all_-15,wrist_cap_2_tilt_all_15,24
326,5649.6694411684,flange_ring_tilt_all_-90,forearm_cap_1_tilt_all_0,forearm_cap_1_tilt_all_30,24
327,5649.0872079600,flange_ring_tilt_all_-90,forearm_cap_1_tilt_all_30,upperarm_ring_tilt_all_45,24
328,5644.9695550133,flange_ring_tilt_all_-90,flange_ring_tilt_all_-30,forearm_cap_2_tilt_all_10,24
329,5644.6719116075,flange_ring_tilt_all_-90,upperarm_ring_tilt_all_45,wrist_cap_2_tilt_all_15,24
330,5643.3362480300,flange_ring_tilt_all_-90,forearm_cap_2_tilt_all_15,wrist_cap_1_tilt_all_-30,24
331,5632.8623349535,flange_ring_tilt_all_-90,upperarm_ring_tilt_all_45,wrist_cap_1_tilt_all_-10,24
332,5629.5450760814,flange_ring_tilt_all_-90,forearm_cap_1_tilt_all_30,wrist_cap_1_tilt_all_-45,24
333,5628.4976191581,flange_ring_tilt_all_-90,base_cap_tilt_all_-15,wrist_cap_1_tilt_all_-10,24
334,5628.0293126879,flange_ring_tilt_all_-90,upperarm_cap_2_tilt_all_0,wrist_cap_2_tilt_all_15,24
335,5626.5338897555,flange_ring_tilt_all_-90,upperarm_ring_tilt_all_45,wrist_cap_1_tilt_all_-15,24
336,5620.2987336394,flange_ring_tilt_all_-90,forearm_cap_1_tilt_all_10,upperarm_ring_tilt_all_30,24
337,5617.5634333138,flange_ring_tilt_all_-90,forearm_cap_1_tilt_all_0,forearm_ring_x_-0.50,24
338,5608.2947894945,flange_ring_tilt_all_-90,upperarm_cap_2_tilt_all_0,wrist_cap_1_tilt_all_0,24
339,5607.0551025928,flange_ring_tilt_all_-90,upperarm_cap_1_tilt_all_-10,wrist_cap_2_tilt_all_15,24
340,5602.5305994726,flange_ring_tilt_all_-90,forearm_cap_2_tilt_all_0,wrist_cap_1_tilt_all_-15,24
341,5596.8462881238,flange_ring_tilt_all_-90,forearm_cap_1_tilt_all_10,forearm_ring_x_-0.30,24
342,5594.6814344912,flange_ring_tilt_all_-90,forearm_cap_1_tilt_all_0,forearm_ring,24
343,5594.6814344912,flange_ring_tilt_all_-90,forearm_cap_1_tilt_all_0,forearm_ring_x_-0.10,24
344,5593.7444481244,flange_ring_tilt_all_-90,forearm_cap_1_tilt_all_10,forearm_ring_x_-0.25,24
345,5588.4379975610,flange_ring_tilt_all_-90,base_cap_tilt_all_-15,upperarm_cap_1_tilt_all_-15,24
346,5583.8546280686,flange_ring_tilt_all_-90,forearm_cap_1_tilt_all_10,forearm_ring_x_-0.35,24
347,5582.4143765418,flange_ring_tilt_all_-90,forearm_cap_2_tilt_all_10,wrist_cap_1_tilt_all_-15,24
348,5582.3696383726,flange_ring_tilt_all_-90,forearm_cap_2_tilt_all_0,wrist_cap_1_tilt_all_-10,24
349,5581.4515173722,flange_ring_tilt_all_-90,forearm_cap_1_tilt_all_10,forearm_ring_x_-0.20,24
350,5578.8138256706,flange_ring_tilt_all_-90,forearm_cap_2_tilt_all_30,wrist_cap_1_tilt_all_-30,24
351,5573.9445817050,flange_ring_tilt_all_-90,base_cap_tilt_all_-15,wrist_cap_1_tilt_all_0,24
352,5570.8943405790,flange_ring_tilt_all_-90,base_cap_tilt_all_-30,forearm_cap_2_tilt_all_0,24
353,5570.0698336899,flange_ring_tilt_all_-90,forearm_cap_2_tilt_all_30,upperarm_ring_tilt_all_45,24
354,5567.5989788367,flange_ring_tilt_all_-90,base_cap_tilt_all_-15,flange_ring_tilt_all_-15,24
355,5566.1751350131,flange_ring_tilt_all_-90,forearm_cap_2_tilt_all_10,wrist_cap_1_tilt_all_-10,24
356,5565.0474563848,flange_ring_tilt_all_-90,forearm_cap_1_tilt_all_10,forearm_ring_x_-0.40,24
357,5561.2151107119,flange_ring_tilt_all_-90,forearm_cap_1_tilt_all_45,upperarm_cap_2_tilt_all_-10,24
358,5552.8698426526,flange_ring_tilt_all_-90,forearm_cap_1_tilt_all_10,forearm_ring_x_-0.15,24
359,5552.5555003694,flange_ring_tilt_all_-90,forearm_cap_2_tilt_all_0,wrist_cap_1_tilt_all_0,24
360,5543.7436013597,flange_ring_tilt_all_-90,upperarm_cap_2_tilt_all_-30,upperarm_ring_tilt_all_45,24
361,5543.4423785312,flange_ring_tilt_all_-90,upperarm_cap_1_tilt_all_-15,wrist_cap_2_tilt_all_15,24
362,5541.4559354195,flange_ring_tilt_all_-90,base_cap_tilt_all_0,forearm_cap_1_tilt_all_30,24
363,5539.6754513851,flange_ring_tilt_all_-90,forearm_cap_2_tilt_all_10,wrist_cap_1_tilt_all_0,24
364,5538.8991062731,flange_ring_tilt_all_-90,forearm_cap_1_tilt_all_0,upperarm_cap_2_tilt_all_-45,24
365,5537.4144839908,flange_ring_tilt_all_-90,forearm_cap_2_tilt_all_15,wrist_cap_1_tilt_all_-45,24
366,5536.2430320772,flange_ring_tilt_all_-90,base_cap_tilt_all_0,upperarm_cap_2_tilt_all_-30,24
367,5533.4801551788,flange_ring_tilt_all_-90,flange_ring_tilt_all_0,wrist_cap_2_tilt_all_15,24
368,5533.0935608313,flange_ring_tilt_all_-90,forearm_cap_2_tilt_all_10,wrist_cap_1_tilt_all_-45,24
369,5532.8061661667,flange_ring_tilt_all_-90,base_cap_tilt_all_-10,forearm_cap_1_tilt_all_30,24
370,5531.6197388348,flange_ring_tilt_all_-90,base_cap_tilt_all_-30,forearm_cap_2_tilt_all_10,24
371,5528.6266944510,flange_ring_tilt_all_-90,upperarm_ring_tilt_all_45,wrist_cap_2_tilt_all_30,24
372,5524.7658109967,flange_ring_tilt_all_-90,forearm_cap_2_tilt_all_30,wrist_cap_1_tilt_all_-45,24
373,5523.9962278285,flange_ring_tilt_all_-90,upperarm_cap_1_tilt_all_0,wrist_cap_2_tilt_all_0,24
374,5523.9939855159,flange_ring_tilt_all_-90,forearm_cap_1_tilt_all_0,forearm_cap_2_tilt_all_45,24
375,5523.9474255178,flange_ring_tilt_all_-90,forearm_cap_2_tilt_all_0,wrist_cap_1_tilt_all_-45,24
376,5523.5797275965,flange_ring_tilt_all_-90,forearm_cap_2_tilt_all_15,wrist_cap_1_tilt_all_-15,24
377,5523.0985539282,flange_ring_tilt_all_-90,base_cap_tilt_all_-10,wrist_cap_2_tilt_all_30,24
378,5522.4005511289,flange_ring_tilt_all_-90,forearm_cap_1_tilt_all_10,forearm_ring_x_-0.45,24
379,5522.2602933765,flange_ring_tilt_all_-90,flange_ring_tilt_all_-10,wrist_cap_2_tilt_all_15,24
380,5519.3772467380,flange_ring_tilt_all_-90,base_cap_tilt_all_-10,forearm_cap_2_tilt_all_30,24
381,5518.5891877054,flange_ring_tilt_all_-90,base_cap_tilt_all_0,wrist_cap_2_tilt_all_30,24
382,5518.2616548761,flange_ring_tilt_all_-90,flange_ring_tilt_all_-30,forearm_cap_2_tilt_all_15,24
383,5515.2942160919,flange_ring_tilt_all_-90,flange_ring_tilt_all_-15,wrist_cap_2_tilt_all_30,24
384,5512.7713325698,flange_ring_tilt_all_-90,base_cap_tilt_all_0,forearm_cap_2_tilt_all_30,24
385,5507.5930759155,flange_ring_tilt_all_-90,base_cap_tilt_all_-45,base_cap_tilt_all_0,24
386,5506.4402407823,flange_ring_tilt_all_-90,forearm_cap_2_tilt_all_15,wrist_cap_1_tilt_all_-10,24
387,5502.1555655415,flange_ring_tilt_all_-90,forearm_cap_1_tilt_all_0,forearm_cap_2_tilt_all_15,24
388,5497.3804940454,flange_ring_tilt_all_-90,upperarm_cap_2_tilt_all_0,wrist_cap_2_tilt_all_10,24
389,5496.1514954957,flange_ring_tilt_all_-90,upperarm_cap_1_tilt_all_0,upperarm_cap_2_tilt_all_0,24
390,5492.2420755137,flange_ring_tilt_all_-90,base_cap_tilt_all_-15,forearm_cap_1_tilt_all_30,24
391,5489.6741225711,flange_ring_tilt_all_-90,flange_ring_tilt_all_0,forearm_cap_1_tilt_all_45,24
392,5489.5923726683,flange_ring_tilt_all_-90,base_cap_tilt_all_-30,upperarm_cap_1_tilt_all_0,24
393,5486.0601604734,flange_ring_tilt_all_-90,upperarm_cap_2_tilt_all_0,wrist_cap_2_tilt_all_60,24
394,5484.4639621545,flange_ring_tilt_all_-90,forearm_cap_1_tilt_all_0,forearm_cap_2_tilt_all_0,24
395,5484.4052345719,flange_ring_tilt_all_-90,upperarm_cap_1_tilt_all_0,wrist_cap_2_tilt_all_60,24
396,5484.0307936234,flange_ring_tilt_all_-90,forearm_cap_1_tilt_all_10,forearm_ring,24
397,5484.0307936234,flange_ring_tilt_all_-90,forearm_cap_1_tilt_all_10,forearm_ring_x_-0.10,24
398,5482.3811171759,flange_ring_tilt_all_-90,forearm_cap_1_tilt_all_0,forearm_cap_2_tilt_all_10,24
399,5482.0282632055,flange_ring_tilt_all_-90,forearm_cap_2_tilt_all_15,wrist_cap_1_tilt_all_0,24
400,5481.7003582297,flange_ring_tilt_all_-90,flange_ring_tilt_all_0,upperarm_cap_1_tilt_all_0,24
401,5479.0231871469,flange_ring_tilt_all_-90,upperarm_cap_2_tilt_all_-10,wrist_cap_1_tilt_all_-60,24
402,5475.8948771917,flange_ring_tilt_all_-90,base_cap_tilt_all_-30,base_cap_tilt_all_0,24
403,5473.9948576563,flange_ring_tilt_all_-90,base_cap_tilt_all_-30,forearm_cap_2_tilt_all_15,24
404,5471.5512956800,flange_ring_tilt_all_-90,upperarm_cap_1_tilt_all_-10,wrist_cap_2_tilt_all_10,24
405,5471.1223540773,flange_ring_tilt_all_-90,upperarm_cap_2_tilt_all_-15,wrist_cap_2_tilt_all_10,24
406,5470.7824393622,flange_ring_tilt_all_-90,upperarm_cap_1_tilt_all_0,wrist_cap_1_tilt_all_-15,24
407,5469.4404571231,flange_ring_tilt_all_-90,base_cap_tilt_all_-15,forearm_cap_2_tilt_all_30,24
408,5467.1731033335,flange_ring_tilt_all_-90,upperarm_cap_2_tilt_all_-10,wrist_cap_2_tilt_all_10,24
409,5466.9184720340,flange_ring_tilt_all_-90,base_cap_tilt_all_-15,wrist_cap_2_tilt_all_30,24
410,5464.9904327658,flange_ring_tilt_all_-90,upperarm_cap_2_tilt_all_-15,wrist_cap_1_tilt_all_-30,24
411,5462.0610803151,flange_ring_tilt_all_-90,forearm_cap_1_tilt_all_10,forearm_ring_x_-0.50,24
412,5460.2284119387,flange_ring_tilt_all_-90,wrist_cap_1_tilt_all_-45,wrist_cap_2_tilt_all_30,24
413,5456.7484356781,flange_ring_tilt_all_-90,base_cap_tilt_all_-30,upperarm_cap_2_tilt_all_-10,24
414,5451.1611419637,flange_ring_tilt_all_-90,forearm_ring_x_-0.20,upperarm_cap_2_tilt_all_0,24
415,5448.7152777489,flange_ring_tilt_all_-90,upperarm_cap_1_tilt_all_-10,wrist_cap_1_tilt_all_-30,24
416,5443.8272012209,flange_ring_tilt_all_-90,forearm_ring_x_-0.25,upperarm_cap_2_tilt_all_0,24
417,5437.6486462979,flange_ring_tilt_all_-90,forearm_ring_x_-0.15,upperarm_cap_2_tilt_all_0,24
418,5437.5001026445,flange_ring_tilt_all_-90,base_cap_tilt_all_-10,upperarm_ring_tilt_all_30,24
419,5435.6801532824,flange_ring_tilt_all_-90,flange_ring_tilt_all_-15,wrist_cap_2_tilt_all_15,24
420,5433.5648340961,flange_ring_tilt_all_-90,base_cap_tilt_all_0,flange_ring_tilt_all_-30,24
421,5430.1490902496,flange_ring_tilt_all_-90,upperarm_cap_1_tilt_all_0,wrist_cap_1_tilt_all_-10,24
422,5427.7462428935,flange_ring_tilt_all_-90,forearm_cap_2_tilt_all_0,upperarm_cap_1_tilt_all_-30,24
423,5426.6735318981,flange_ring_tilt_all_-90,forearm_cap_2_tilt_all_60,upperarm_cap_2_tilt_all_0,24
424,5425.0841429287,flange_ring_tilt_all_-90,upperarm_cap_1_tilt_all_-10,wrist_cap_1_tilt_all_-45,24
425,5423.7802783379,flange_ring_tilt_all_-90,forearm_ring_x_-0.30,upperarm_cap_2_tilt_all_0,24
426,5418.8341635385,flange_ring_tilt_all_-90,forearm_cap_1_tilt_all_30,wrist_cap_1_tilt_all_-15,24
427,5414.0215351998,flange_ring_tilt_all_-90,upperarm_cap_1_tilt_all_-15,wrist_cap_2_tilt_all_45,24
428,5413.1638662865,flange_ring_tilt_all_-90,upperarm_cap_2_tilt_all_-10,wrist_cap_1_tilt_all_-15,24
429,5411.5595560516,flange_ring_tilt_all_-90,forearm_cap_2_tilt_all_60,upperarm_cap_1_tilt_all_0,24
430,5410.6383365102,flange_ring_tilt_all_-90,upperarm_cap_2_tilt_all_-15,wrist_cap_1_tilt_all_-45,24
431,5408.7958460662,flange_ring_tilt_all_-90,forearm_cap_1_tilt_all_10,upperarm_cap_2_tilt_all_-45,24
432,5399.0320372302,flange_ring_tilt_all_-90,forearm_ring,upperarm_cap_2_tilt_all_0,24
433,5399.0320372302,flange_ring_tilt_all_-90,forearm_ring_x_-0.10,upperarm_cap_2_tilt_all_0,24
434,5397.7497271775,flange_ring_tilt_all_-90,base_cap_tilt_all_0,forearm_ring,24
435,5397.7497271775,flange_ring_tilt_all_-90,base_cap_tilt_all_0,forearm_ring_x_-0.10,24
436,5395.0975854740,flange_ring_tilt_all_-90,forearm_ring_x_-0.35,upperarm_cap_2_tilt_all_0,24
437,5394.9060920919,flange_ring_tilt_all_-90,upperarm_cap_2_tilt_all_-15,wrist_cap_2_tilt_all_45,24
438,5394.3590966505,flange_ring_tilt_all_-90,flange_ring_tilt_all_-30,upperarm_ring_tilt_all_45,24
439,5392.6261431724,flange_ring_tilt_all_-90,base_cap_tilt_all_0,forearm_ring_x_-0.15,24
440,5392.4973809721,flange_ring_tilt_all_-90,flange_ring_tilt_all_-45,forearm_cap_1_tilt_all_0,24
441,5391.5748339793,flange_ring_tilt_all_-90,wrist_cap_1_tilt_all_-30,wrist_cap_2_tilt_all_30,24
442,5386.2717915691,flange_ring_tilt_all_-90,upperarm_cap_1_tilt_all_-15,wrist_cap_2_tilt_all_10,24
443,5379.8889857731,flange_ring_tilt_all_-90,wrist_cap_1_tilt_all_-45,wrist_cap_2_tilt_all_15,24
444,5375.2703150849,flange_ring_tilt_all_-90,upperarm_cap_1_tilt_all_0,wrist_cap_1_tilt_all_0,24
445,5372.7877084634,flange_ring_tilt_all_-90,forearm_cap_2_tilt_all_10,upperarm_cap_1_tilt_all_-30,24
446,5372.5295663694,flange_ring_tilt_all_-90,forearm_cap_1_tilt_all_10,forearm_cap_2_tilt_all_0,24
447,5372.1073760085,flange_ring_tilt_all_-90,flange_ring_tilt_all_-10,wrist_cap_2_tilt_all_10,24
448,5371.5034066849,flange_ring_tilt_all_-90,forearm_cap_2_tilt_all_45,upperarm_cap_1_tilt_all_-15,24
449,5368.4399745328,flange_ring_tilt_all_-90,wrist_cap_1_tilt_all_-30,wrist_cap_2_tilt_all_15,24
450,5367.5927588884,flange_ring_tilt_all_-90,forearm_cap_1_tilt_all_15,wrist_cap_2_tilt_all_0,24
451,5367.2141799270,flange_ring_tilt_all_-90,forearm_cap_1_tilt_all_30,wrist_cap_1_tilt_all_-10,24
452,5366.4716637862,flange_ring_tilt_all_-90,base_cap_tilt_all_0,forearm_ring_x_-0.20,24
453,5363.6925967594,flange_ring_tilt_all_-90,wrist_cap_1_tilt_all_-30,wrist_cap_2_tilt_all_10,24
454,5362.9878378198,flange_ring_tilt_all_-90,forearm_ring_x_-0.40,upperarm_cap_2_tilt_all_0,24
455,5362.7495595260,flange_ring_tilt_all_-90,forearm_cap_1_tilt_all_15,upperarm_ring_tilt_all_30,24
456,5361.0984413399,flange_ring_tilt_all_-90,forearm_cap_1_tilt_all_15,forearm_ring_x_-0.30,24
457,5358.4115207995,flange_ring_tilt_all_-90,wrist_cap_1_tilt_all_-45,wrist_cap_2_tilt_all_10,24
458,5358.1224969791,flange_ring_tilt_all_-90,forearm_cap_1_tilt_all_15,forearm_ring_x_-0.25,24
459,5356.3593076907,flange_ring_tilt_all_-90,forearm_cap_1_tilt_all_0,upperarm_ring_x_-0.51,24
460,5355.6686596942,flange_ring_tilt_all_-90,forearm_ring_x_-0.50,wrist_cap_1_tilt_all_-45,24
461,5354.0154797365,flange_ring_tilt_all_-90,forearm_cap_1_tilt_all_0,wrist_cap_2_tilt_all_0,24
462,5353.6332121174,flange_ring_tilt_all_-90,flange_ring_tilt_all_0,wrist_cap_2_tilt_all_10,24
463,5352.3275560409,flange_ring_tilt_all_-90,forearm_cap_1_tilt_all_30,wrist_cap_1_tilt_all_-60,24
464,5351.3826476128,flange_ring_tilt_all_-90,upperarm_cap_2_tilt_all_-10,wrist_cap_1_tilt_all_-10,24
465,5348.9845693315,flange_ring_tilt_all_-90,forearm_cap_1_tilt_all_15,forearm_ring_x_-0.20,24
466,5348.9698260675,flange_ring_tilt_all_-90,forearm_cap_1_tilt_all_10,wrist_cap_2_tilt_all_0,24
467,5348.6785828782,flange_ring_tilt_all_-90,forearm_cap_1_tilt_all_15,forearm_ring_x_-0.35,24
468,5348.6020315600,flange_ring_tilt_all_-90,wrist_cap_1_tilt_all_-30,wrist_cap_2_tilt_all_0,24
469,5348.1526821098,flange_ring_tilt_all_-90,forearm_cap_1_tilt_all_0,forearm_cap_1_tilt_all_60,24
470,5333.0748913353,flange_ring_tilt_all_-90,forearm_cap_1_tilt_all_60,upperarm_cap_1_tilt_all_0,24
471,5331.5729355886,flange_ring_tilt_all_-90,base_cap_tilt_all_0,forearm_ring_x_-0.25,24
472,5331.1551147083,flange_ring_tilt_all_-90,forearm_cap_2_tilt_all_45,upperarm_cap_2_tilt_all_-15,24
473,5330.2700616170,flange_ring_tilt_all_-90,base_cap_tilt_all_0,upperarm_ring_x_-0.51,24
474,5328.7131222981,flange_ring_tilt_all_-90,forearm_cap_1_tilt_all_15,forearm_ring_x_-0.40,24
475,5326.2818355524,flange_ring_tilt_all_-90,forearm_cap_1_tilt_all_30,wrist_cap_1_tilt_all_0,24
476,5325.6807774623,flange_ring_tilt_all_-90,wrist_cap_1_tilt_all_-45,wrist_cap_2_tilt_all_0,24
477,5322.6472238514,flange_ring_tilt_all_-90,forearm_ring_x_-0.45,upperarm_cap_2_tilt_all_0,24
478,5319.2095661789,flange_ring_tilt_all_-90,base_cap_tilt_all_-10,upperarm_cap_2_tilt_all_-30,24
479,5317.9491114058,flange_ring_tilt_all_-90,upperarm_cap_1_tilt_all_-10,wrist_cap_1_tilt_all_-60,24
480,5317.5431545429,flange_ring_tilt_all_-90,forearm_cap_1_tilt_all_15,forearm_ring_x_-0.15,24
481,5317.4608623763,flange_ring_tilt_all_-90,forearm_cap_1_tilt_all_0,upperarm_ring_x_-0.46,24
482,5317.3265583038,flange_ring_tilt_all_-90,wrist_cap_1_tilt_all_-60,wrist_cap_2_tilt_all_30,24
483,5315.5804584919,flange_ring_tilt_all_-90,upperarm_ring_tilt_all_45,wrist_cap_2_tilt_all_45,24
484,5303.9670136754,flange_ring_tilt_all_-90,base_cap_tilt_all_-30,flange_ring_tilt_all_0,24
485,5300.7345981863,flange_ring_tilt_all_-90,flange_ring_tilt_all_-45,forearm_cap_1_tilt_all_10,24
486,5300.3181089710,flange_ring_tilt_all_-90,forearm_cap_2_tilt_all_15,wrist_cap_1_tilt_all_-60,24
487,5300.3112556024,flange_ring_tilt_all_-90,flange_ring_tilt_all_0,upperarm_cap_2_tilt_all_0,24
488,5299.3558376540,flange_ring_tilt_all_-90,base_cap_tilt_all_-30,upperarm_cap_1_tilt_all_-10,24
489,5298.9553907791,flange_ring_tilt_all_-90,flange_ring_tilt_all_-15,wrist_cap_2_tilt_all_10,24
490,5298.6532952998,flange_ring_tilt_all_-90,base_cap_tilt_all_0,upperarm_ring_x_-0.46,24
491,5295.3003287441,flange_ring_tilt_all_-90,forearm_cap_2_tilt_all_10,wrist_cap_1_tilt_all_-60,24
492,5293.0881756058,flange_ring_tilt_all_-90,upperarm_cap_1_tilt_all_-10,upperarm_ring_tilt_all_30,24
493,5292.2135685967,flange_ring_tilt_all_-90,forearm_cap_2_tilt_all_0,wrist_cap_1_tilt_all_-60,24
494,5290.2269449578,flange_ring_tilt_all_-90,base_cap_tilt_all_-45,upperarm_ring_tilt_all_45,24
495,5287.8557197053,flange_ring_tilt_all_-90,forearm_cap_1_tilt_all_15,forearm_ring_x_-0.45,24
496,5283.9910922821,flange_ring_tilt_all_-90,base_cap_tilt_all_0,forearm_ring_x_-0.30,24
497,5280.1245590286,flange_ring_tilt_all_-90,upperarm_ring_tilt_all_0,upperarm_ring_tilt_all_45,24
498,5280.1245590286,flange_ring_tilt_all_-90,upperarm_ring_tilt_all_45,upperarm_ring_x_-0.11,24
499,5279.3187131501,flange_ring_tilt_all_-90,upperarm_cap_2_tilt_all_0,upperarm_ring_x_-0.51,24
500,5278.3818544548,flange_ring_tilt_all_-90,forearm_ring_x_-0.50,upperarm_cap_2_tilt_all_0,24
501,5278.3363486826,flange_ring_tilt_all_-90,forearm_cap_2_tilt_all_30,wrist_cap_1_tilt_all_-15,24
502,5276.5753761739,flange_ring_tilt_all_-90,forearm_cap_1_tilt_all_15,forearm_cap_2_tilt_all_0,24
503,5274.8619033299,flange_ring_tilt_all_-90,forearm_cap_1_tilt_all_0,forearm_cap_1_tilt_all_15,24
504,5274.7638027303,flange_ring_tilt_all_-90,base_cap_tilt_all_-30,upperarm_cap_2_tilt_all_-15,24
505,5272.7332092144,flange_ring_tilt_all_-90,flange_ring_tilt_all_-10,wrist_cap_2_tilt_all_45,24
506,5271.5042232426,flange_ring_tilt_all_-90,forearm_cap_1_tilt_all_0,upperarm_ring_x_-0.41,24
507,5271.4162765076,flange_ring_tilt_all_-90,forearm_cap_1_tilt_all_30,forearm_cap_2_tilt_all_0,24
508,5268.8473485132,flange_ring_tilt_all_-90,base_cap_tilt_all_0,upperarm_ring_tilt_all_15,24
509,5264.2580059643,flange_ring_tilt_all_-90,forearm_cap_1_tilt_all_45,upperarm_cap_1_tilt_all_-15,24
510,5263.1219946568,flange_ring_tilt_all_-90,forearm_ring_x_-0.50,wrist_cap_1_tilt_all_-60,24
511,5261.6812864382,flange_ring_tilt_all_-90,base_cap_tilt_all_0,upperarm_ring_x_-0.41,24
512,5259.2884428042,flange_ring_tilt_all_-90,forearm_cap_1_tilt_all_30,wrist_cap_2_tilt_all_0,24
513,5258.9932725746,flange_ring_tilt_all_-90,wrist_cap_1_tilt_all_-45,wrist_cap_2_tilt_all_45,24
514,5255.3594240724,flange_ring_tilt_all_-90,upperarm_ring_tilt_all_45,upperarm_ring_x_-0.16,24
515,5254.7350798042,flange_ring_tilt_all_-90,wrist_cap_1_tilt_all_-60,wrist_cap_2_tilt_all_15,24
516,5252.6683457809,flange_ring_tilt_all_-90,upperarm_cap_2_tilt_all_0,wrist_cap_2_tilt_all_0,24
517,5252.5056162697,flange_ring_tilt_all_-90,upperarm_cap_2_tilt_all_-10,upperarm_ring_tilt_all_30,24
518,5251.3545639211,flange_ring_tilt_all_-90,upperarm_cap_2_tilt_all_0,upperarm_ring_x_-0.46,24
519,5250.2015443988,flange_ring_tilt_all_-90,forearm_cap_2_tilt_all_15,upperarm_cap_1_tilt_all_-30,24
520,5248.3211805843,flange_ring_tilt_all_-90,forearm_cap_2_tilt_all_30,wrist_cap_1_tilt_all_-60,24
521,5247.8597940700,flange_ring_tilt_all_-90,base_cap_tilt_all_0,upperarm_cap_1_tilt_all_-30,24
522,5246.1351787572,flange_ring_tilt_all_-90,forearm_cap_1_tilt_all_15,forearm_ring,24
523,5246.1351787572,flange_ring_tilt_all_-90,forearm_cap_1_tilt_all_15,forearm_ring_x_-0.10,24
524,5244.2943174551,flange_ring_tilt_all_-90,forearm_cap_1_tilt_all_60,upperarm_cap_2_tilt_all_0,24
525,5243.2880807363,flange_ring_tilt_all_-90,base_cap_tilt_all_-30,forearm_cap_1_tilt_all_30,24
526,5239.0373053177,flange_ring_tilt_all_-90,forearm_cap_1_tilt_all_15,forearm_ring_x_-0.50,24
527,5234.5584582855,flange_ring_tilt_all_-90,forearm_cap_2_tilt_all_30,wrist_cap_1_tilt_all_-10,24
528,5234.2660286438,flange_ring_tilt_all_-90,upperarm_cap_1_tilt_all_0,upperarm_ring_tilt_all_15,24
529,5231.3295126749,flange_ring_tilt_all_-90,base_cap_tilt_all_0,forearm_ring_x_-0.35,24
530,5231.1174546019,flange_ring_tilt_all_-90,forearm_cap_2_tilt_all_15,wrist_cap_2_tilt_all_0,24
531,5230.9139488611,flange_ring_tilt_all_-90,forearm_cap_2_tilt_all_45,wrist_cap_1_tilt_all_-30,24
532,5227.4428161195,flange_ring_tilt_all_-90,forearm_cap_1_tilt_all_30,upperarm_cap_2_tilt_all_-30,24
533,5224.9656327260,flange_ring_tilt_all_-90,wrist_cap_1_tilt_all_-60,wrist_cap_2_tilt_all_10,24
534,5223.9097139878,flange_ring_tilt_all_-90,forearm_cap_1_tilt_all_45,upperarm_cap_2_tilt_all_-15,24
535,5223.4631281454,flange_ring_tilt_all_-90,base_cap_tilt_all_-30,forearm_cap_2_tilt_all_30,24
536,5223.0277104434,flange_ring_tilt_all_-90,upperarm_cap_1_tilt_all_-10,wrist_cap_1_tilt_all_-15,24
537,5222.6187448154,flange_ring_tilt_all_-90,forearm_cap_1_tilt_all_0,upperarm_ring_x_-0.36,24
538,5222.0719878246,flange_ring_tilt_all_-90,forearm_cap_2_tilt_all_0,forearm_ring_x_-0.45,24
539,5220.3272681833,flange_ring_tilt_all_-90,base_cap_tilt_all_0,upperarm_ring_x_-0.36,24
540,5216.6074363859,flange_ring_tilt_all_-90,base_cap_tilt_all_-60,base_cap_tilt_all_0,24
541,5215.2405363185,flange_ring_tilt_all_-90,upperarm_cap_2_tilt_all_-10,wrist_cap_1_tilt_all_0,24
542,5213.9410246792,flange_ring_tilt_all_-90,forearm_cap_2_tilt_all_30,wrist_cap_1_tilt_all_0,24
543,5213.8931333325,flange_ring_tilt_all_-90,wrist_cap_1_tilt_all_-15,wrist_cap_2_tilt_all_0,24
544,5212.9272816326,flange_ring_tilt_all_-90,forearm_cap_1_tilt_all_0,wrist_cap_2_tilt_all_45,24
545,5212.2376981818,flange_ring_tilt_all_-90,forearm_cap_2_tilt_all_0,forearm_ring_x_-0.50,24
546,5210.8195063360,flange_ring_tilt_all_-90,upperarm_cap_1_tilt_all_0,upperarm_ring_x_-0.46,24
547,5210.7859485074,flange_ring_tilt_all_-90,forearm_cap_1_tilt_all_10,upperarm_ring_x_-0.51,24
548,5209.9873859175,flange_ring_tilt_all_-90,base_cap_tilt_all_-10,flange_ring_tilt_all_-30,24
549,5209.1898878490,flange_ring_tilt_all_-90,wrist_cap_1_tilt_all_-30,wrist_cap_2_tilt_all_45,24
550,5208.9822318308,flange_ring_tilt_all_-90,flange_ring_tilt_all_-10,forearm_cap_2_tilt_all_45,24
551,5208.4815926316,flange_ring_tilt_all_-90,forearm_cap_2_tilt_all_0,forearm_ring_x_-0.40,24
552,5206.3749254805,flange_ring_tilt_all_-90,wrist_cap_1_tilt_all_-10,wrist_cap_2_tilt_all_0,24
553,5204.8933252111,flange_ring_tilt_all_-90,upperarm_cap_1_tilt_all_-10,wrist_cap_2_tilt_all_0,24
554,5204.5977844386,flange_ring_tilt_all_-90,upperarm_cap_1_tilt_all_-15,wrist_cap_1_tilt_all_-30,24
555,5201.4167951518,flange_ring_tilt_all_-90,upperarm_cap_1_tilt_all_0,upperarm_ring_x_-0.41,24
556,5201.0293162211,flange_ring_tilt_all_-90,forearm_cap_1_tilt_all_0,wrist_cap_2_tilt_all_10,24
557,5196.7932642531,flange_ring_tilt_all_-90,upperarm_cap_1_tilt_all_-10,wrist_cap_2_tilt_all_60,24
558,5196.3608079853,flange_ring_tilt_all_-90,base_cap_tilt_all_-30,wrist_cap_1_tilt_all_-30,24
559,5194.9771109896,flange_ring_tilt_all_-90,base_cap_tilt_all_-30,wrist_cap_2_tilt_all_10,24
560,5194.4601870559,flange_ring_tilt_all_-90,base_cap_tilt_all_-30,wrist_cap_2_tilt_all_0,24
561,5192.8452610675,flange_ring_tilt_all_-90,forearm_cap_2_tilt_all_30,wrist_cap_2_tilt_all_0,24
562,5192.0443409866,flange_ring_tilt_all_-90,forearm_cap_2_tilt_all_45,wrist_cap_1_tilt_all_-45,24
563,5191.5684865908,flange_ring_tilt_all_-90,base_cap_tilt_all_-45,forearm_cap_1_tilt_all_0,24
564,5190.8918276853,flange_ring_tilt_all_-90,upperarm_cap_1_tilt_all_0,upperarm_cap_2_tilt_all_-10,24
565,5190.4930147336,flange_ring_tilt_all_-90,upperarm_cap_2_tilt_all_0,upperarm_ring_x_-0.41,24
566,5190.4326676019,flange_ring_tilt_all_-90,forearm_cap_1_tilt_all_0,wrist_cap_2_tilt_all_30,24
567,5189.8987770182,flange_ring_tilt_all_-90,forearm_cap_1_tilt_all_0,upperarm_ring_tilt_all_15,24
568,5188.9648888731,flange_ring_tilt_all_-90,upperarm_cap_1_tilt_all_-10,wrist_cap_1_tilt_all_-10,24
569,5188.7957890592,flange_ring_tilt_all_-90,upperarm_cap_2_tilt_all_-15,wrist_cap_1_tilt_all_-60,24
570,5186.9397161251,flange_ring_tilt_all_-90,upperarm_cap_1_tilt_all_0,upperarm_ring_x_-0.51,24
571,5179.7330616724,flange_ring_tilt_all_-90,upperarm_cap_1_tilt_all_0,upperarm_ring_x_-0.36,24
572,5176.1603302026,flange_ring_tilt_all_-90,wrist_cap_1_tilt_all_-60,wrist_cap_2_tilt_all_0,24
573,5175.8831326584,flange_ring_tilt_all_-90,base_cap_tilt_all_-45,forearm_cap_1_tilt_all_10,24
574,5175.6703035781,flange_ring_tilt_all_-90,base_cap_tilt_all_0,upperarm_ring_x_-0.31,24
575,5174.8203912585,flange_ring_tilt_all_-90,base_cap_tilt_all_0,forearm_ring_x_-0.40,24
576,5174.2409354792,flange_ring_tilt_all_-90,base_cap_tilt_all_-15,upperarm_ring_tilt_all_30,24
577,5171.8843147584,flange_ring_tilt_all_-90,forearm_cap_1_tilt_all_15,upperarm_cap_2_tilt_all_-45,24
578,5171.7282452723,flange_ring_tilt_all_-90,base_cap_tilt_all_-30,wrist_cap_1_tilt_all_-45,24
579,5170.6754419480,flange_ring_tilt_all_-90,upperarm_ring_tilt_all_45,upperarm_ring_x_-0.21,24
580,5169.8248930022,flange_ring_tilt_all_-90,forearm_cap_1_tilt_all_0,upperarm_ring_x_-0.31,24
581,5169.0083411769,flange_ring_tilt_all_-90,base_cap_tilt_all_-30,wrist_cap_2_tilt_all_15,24
582,5168.8541902650,flange_ring_tilt_all_-90,forearm_cap_1_tilt_all_0,wrist_cap_2_tilt_all_15,24
583,5168.2994400878,flange_ring_tilt_all_-90,upperarm_ring_tilt_all_10,upperarm_ring_tilt_all_45,24
584,5167.5554540600,flange_ring_tilt_all_-90,forearm_cap_2_tilt_all_0,forearm_ring_x_-0.35,24
585,5166.8867892458,flange_ring_tilt_all_-90,forearm_cap_2_tilt_all_0,forearm_cap_2_tilt_all_45,24
586,5166.0699062095,flange_ring_tilt_all_-90,forearm_cap_1_tilt_all_10,upperarm_ring_x_-0.46,24
587,5162.1104030756,flange_ring_tilt_all_-90,forearm_cap_1_tilt_all_10,forearm_cap_2_tilt_all_10,24
588,5161.7320205883,flange_ring_tilt_all_-90,forearm_ring_x_-0.45,wrist_cap_1_tilt_all_-60,24
589,5160.8185284103,flange_ring_tilt_all_-90,wrist_cap_1_tilt_all_0,wrist_cap_2_tilt_all_0,24
590,5156.5303357168,flange_ring_tilt_all_-90,base_cap_tilt_all_-60,upperarm_ring_tilt_all_45,24
591,5152.5177190040,flange_ring_tilt_all_-90,wrist_cap_1_tilt_all_-15,wrist_cap_2_tilt_all_10,24
592,5151.7658186326,flange_ring_tilt_all_-90,upperarm_cap_2_tilt_all_-15,wrist_cap_1_tilt_all_-15,24
593,5151.3959050147,flange_ring_tilt_all_-90,upperarm_cap_1_tilt_all_0,upperarm_ring_x_-0.31,24
594,5150.2851543165,flange_ring_tilt_all_-90,upperarm_cap_1_tilt_all_-15,wrist_cap_1_tilt_all_-45,24
595,5149.8613335132,flange_ring_tilt_all_-90,flange_ring_tilt_all_-10,upperarm_cap_1_tilt_all_0,24
596,5145.1211688088,flange_ring_tilt_all_-90,wrist_cap_1_tilt_all_-10,wrist_cap_2_tilt_all_10,24
597,5138.8623865607,flange_ring_tilt_all_-90,forearm_ring_x_-0.45,wrist_cap_1_tilt_all_-45,24
598,5134.1530195258,flange_ring_tilt_all_-90,base_cap_tilt_all_0,wrist_cap_2_tilt_all_45,24
599,5131.7024867314,flange_ring_tilt_all_-90,base_cap_tilt_all_0,upperarm_ring_tilt_all_10,24
600,5127.9871584866,flange_ring_tilt_all_-90,forearm_cap_2_tilt_all_45,upperarm_ring_tilt_all_45,24
601,5126.3924549633,flange_ring_tilt_all_-90,base_cap_tilt_all_-15,upperarm_cap_2_tilt_all_-30,24
602,5126.2954381226,flange_ring_tilt_all_-90,base_cap_tilt_all_0,upperarm_ring_x_-0.26,24
603,5125.6310992042,flange_ring_tilt_all_-90,flange_ring_tilt_all_0,wrist_cap_2_tilt_all_60,24
604,5124.6799597677,flange_ring_tilt_all_-90,forearm_cap_2_tilt_all_10,wrist_cap_2_tilt_all_0,24
605,5124.5895602050,flange_ring_tilt_all_-90,upperarm_cap_2_tilt_all_0,upperarm_ring_x_-0.36,24
606,5124.4866880899,flange_ring_tilt_all_-90,base_cap_tilt_all_-10,wrist_cap_2_tilt_all_45,24
607,5124.1490870337,flange_ring_tilt_all_-90,wrist_cap_1_tilt_all_0,wrist_cap_2_tilt_all_10,24
608,5120.5518040978,flange_ring_tilt_all_-90,forearm_cap_2_tilt_all_0,forearm_ring_x_-0.30,24
609,5119.4918534064,flange_ring_tilt_all_-90,upperarm_cap_1_tilt_all_0,upperarm_ring_tilt_all_10,24
610,5119.4673658166,flange_ring_tilt_all_-90,upperarm_cap_1_tilt_all_0,upperarm_ring_x_-0.26,24
611,5118.7075819548,flange_ring_tilt_all_-90,base_cap_tilt_all_-10,forearm_ring_x_-0.15,24
612,5117.1043222543,flange_ring_tilt_all_-90,forearm_cap_1_tilt_all_0,forearm_cap_2_tilt_all_60,24
613,5115.8375229454,flange_ring_tilt_all_-90,forearm_cap_1_tilt_all_10,upperarm_ring_x_-0.41,24
614,5115.1132325746,flange_ring_tilt_all_-90,upperarm_cap_1_tilt_all_-10,wrist_cap_1_tilt_all_0,24
615,5114.6079489967,flange_ring_tilt_all_-90,forearm_cap_1_tilt_all_0,upperarm_ring_x_-0.26,24
616,5113.3033304960,flange_ring_tilt_all_-90,base_cap_tilt_all_-10,forearm_ring,24
617,5113.3033304960,flange_ring_tilt_all_-90,base_cap_tilt_all_-10,forearm_ring_x_-0.10,24
618,5113.2655084534,flange_ring_tilt_all_-90,base_cap_tilt_all_-10,forearm_ring_x_-0.20,24
619,5113.0658103873,flange_ring_tilt_all_-90,base_cap_tilt_all_0,forearm_ring_x_-0.45,24
620,5108.2143263629,flange_ring_tilt_all_-90,base_cap_tilt_all_-30,upperarm_cap_1_tilt_all_-15,24
621,5106.1477149082,flange_ring_tilt_all_-90,upperarm_ring_tilt_all_15,upperarm_ring_tilt_all_45,24
622,5103.4973329405,flange_ring_tilt_all_-90,base_cap_tilt_all_-10,forearm_ring_x_-0.25,24
623,5102.0213250389,flange_ring_tilt_all_-90,upperarm_cap_2_tilt_all_-10,wrist_cap_2_tilt_all_60,24
624,5101.7368311103,flange_ring_tilt_all_-90,flange_ring_tilt_all_-10,forearm_cap_1_tilt_all_45,24
625,5100.7272499845,flange_ring_tilt_all_-90,wrist_cap_1_tilt_all_-15,wrist_cap_2_tilt_all_15,24
626,5100.2986361716,flange_ring_tilt_all_-90,upperarm_cap_2_tilt_all_0,upperarm_ring_tilt_all_15,24
627,5099.6907235310,flange_ring_tilt_all_-90,upperarm_cap_2_tilt_all_-15,wrist_cap_1_tilt_all_-10,24
628,5095.4566639854,flange_ring_tilt_all_-90,forearm_cap_2_tilt_all_30,upperarm_cap_2_tilt_all_-30,24
629,5093.7659545639,flange_ring_tilt_all_-90,base_cap_tilt_all_-10,forearm_ring_x_-0.30,24
630,5091.4910508490,flange_ring_tilt_all_-90,wrist_cap_1_tilt_all_-10,wrist_cap_2_tilt_all_15,24
631,5089.8819226652,flange_ring_tilt_all_-90,forearm_cap_1_tilt_all_0,upperarm_ring_tilt_all_10,24
632,5088.7279066156,flange_ring_tilt_all_-90,upperarm_cap_1_tilt_all_-10,upperarm_cap_2_tilt_all_0,24
633,5087.9526764881,flange_ring_tilt_all_-90,base_cap_tilt_all_-45,upperarm_cap_2_tilt_all_0,24
634,5086.5348140493,flange_ring_tilt_all_-90,base_cap_tilt_all_-10,forearm_ring_x_-0.35,24
635,5086.0870009313,flange_ring_tilt_all_-90,base_cap_tilt_all_-30,flange_ring_tilt_all_-10,24
636,5084.1810369840,flange_ring_tilt_all_-90,forearm_cap_1_tilt_all_0,wrist_cap_2_tilt_all_60,24
637,5083.6539239040,flange_ring_tilt_all_-90,wrist_cap_1_tilt_all_0,wrist_cap_2_tilt_all_15,24
638,5082.4609178435,flange_ring_tilt_all_-90,base_cap_tilt_all_-15,base_cap_tilt_all_0,24
639,5081.8125389429,flange_ring_tilt_all_-90,base_cap_tilt_all_-10,upperarm_ring_x_-0.51,24
640,5080.4380540440,flange_ring_tilt_all_-90,upperarm_cap_1_tilt_all_0,upperarm_ring_x_-0.21,24
641,5080.0068834684,flange_ring_tilt_all_-90,upperarm_ring_tilt_all_45,upperarm_ring_x_-0.26,24
642,5079.4009701407,flange_ring_tilt_all_-90,upperarm_ring_tilt_all_45,wrist_cap_2_tilt_all_60,24
643,5077.3813966804,flange_ring_tilt_all_-90,forearm_cap_2_tilt_all_0,forearm_cap_2_tilt_all_30,24
644,5077.0009335205,flange_ring_tilt_all_-90,upperarm_cap_1_tilt_all_-30,upperarm_ring_tilt_all_45,24
645,5076.6500842970,flange_ring_tilt_all_-90,wrist_cap_1_tilt_all_-45,wrist_cap_1_tilt_all_0,24
646,5076.2894724868,flange_ring_tilt_all_-90,forearm_cap_2_tilt_all_0,forearm_ring_x_-0.25,24
647,5074.2611875338,flange_ring_tilt_all_-90,forearm_cap_1_tilt_all_10,forearm_cap_2_tilt_all_15,24
648,5073.9526137169,flange_ring_tilt_all_-90,base_cap_tilt_all_-10,forearm_ring_x_-0.40,24
649,5073.9145141914,flange_ring_tilt_all_-90,forearm_cap_2_tilt_all_10,forearm_ring_x_-0.45,24
650,5072.9990467050,flange_ring_tilt_all_-90,base_cap_tilt_all_0,upperarm_ring_x_-0.21,24
651,5071.1613976956,flange_ring_tilt_all_-90,forearm_cap_1_tilt_all_0,forearm_cap_1_tilt_all_10,24
652,5068.7888933590,flange_ring_tilt_all_-90,base_cap_tilt_all_-45,upperarm_cap_1_tilt_all_0,24
653,5067.5013275001,flange_ring_tilt_all_-90,base_cap_tilt_all_-15,wrist_cap_2_tilt_all_45,24
654,5067.4524133655,flange_ring_tilt_all_-90,forearm_cap_2_tilt_all_10,forearm_ring_x_-0.50,24
655,5067.0636721516,flange_ring_tilt_all_-90,base_cap_tilt_all_-10,upperarm_ring_x_-0.46,24
656,5065.5617097306,flange_ring_tilt_all_-90,forearm_cap_1_tilt_all_10,forearm_cap_1_tilt_all_45,24
657,5065.3248078660,flange_ring_tilt_all_-90,upperarm_cap_1_tilt_all_0,upperarm_cap_2_tilt_all_-15,24
658,5063.8230668785,flange_ring_tilt_all_-90,flange_ring_tilt_all_-45,forearm_cap_1_tilt_all_15,24
659,5062.3012232386,flange_ring_tilt_all_-90,forearm_cap_1_tilt_all_0,upperarm_ring_x_-0.21,24
660,5062.1112655312,flange_ring_tilt_all_-90,forearm_cap_2_tilt_all_10,forearm_ring_x_-0.40,24
661,5061.9065168177,flange_ring_tilt_all_-90,forearm_cap_1_tilt_all_10,upperarm_ring_x_-0.36,24
662,5059.8180117326,flange_ring_tilt_all_-90,base_cap_tilt_all_0,forearm_ring_x_-0.50,24
663,5059.2312161923,flange_ring_tilt_all_-90,upperarm_cap_2_tilt_all_0,upperarm_ring_x_-0.31,24
664,5057.9242728671,flange_ring_tilt_all_-90,base_cap_tilt_all_-10,upperarm_ring_tilt_all_15,24
665,5054.7449587677,flange_ring_tilt_all_-90,flange_ring_tilt_all_-30,forearm_cap_1_tilt_all_30,24
666,5053.9924760049,flange_ring_tilt_all_-90,base_cap_tilt_all_-10,forearm_ring_x_-0.45,24
667,5051.0773182824,flange_ring_tilt_all_-90,base_cap_tilt_all_-30,wrist_cap_2_tilt_all_30,24
668,5049.9564106818,flange_ring_tilt_all_-90,flange_ring_tilt_all_0,upperarm_cap_1_tilt_all_-10,24
669,5044.5198279273,flange_ring_tilt_all_-90,upperarm_cap_2_tilt_all_-10,wrist_cap_2_tilt_all_0,24
670,5043.9995311190,flange_ring_tilt_all_-90,wrist_cap_1_tilt_all_-60,wrist_cap_2_tilt_all_45,24
671,5043.8727391193,flange_ring_tilt_all_-90,forearm_cap_1_tilt_all_10,wrist_cap_2_tilt_all_10,24
672,5041.7473816330,flange_ring_tilt_all_-90,forearm_ring,upperarm_cap_1_tilt_all_0,24
673,5041.7473816330,flange_ring_tilt_all_-90,forearm_ring_x_-0.10,upperarm_cap_1_tilt_all_0,24
674,5040.3595376045,flange_ring_tilt_all_-90,forearm_ring_x_-0.50,upperarm_ring_tilt_all_45,24
675,5040.2730802832,flange_ring_tilt_all_-90,flange_ring_tilt_all_0,forearm_ring_x_-0.50,24
676,5040.2284042984,flange_ring_tilt_all_-90,base_cap_tilt_all_-10,upperarm_ring_x_-0.41,24
677,5039.2691581454,flange_ring_tilt_all_-90,forearm_ring_x_-0.15,upperarm_cap_1_tilt_all_0,24
678,5039.0499343117,flange_ring_tilt_all_-90,forearm_cap_1_tilt_all_10,forearm_cap_2_tilt_all_30,24
679,5036.5333149896,flange_ring_tilt_all_-90,flange_ring_tilt_all_0,wrist_cap_1_tilt_all_-15,24
680,5035.1874738650,flange_ring_tilt_all_-90,base_cap_tilt_all_-10,forearm_ring_x_-0.50,24
681,5034.3906798742,flange_ring_tilt_all_-90,base_cap_tilt_all_-45,forearm_cap_1_tilt_all_15,24
682,5034.1222444197,flange_ring_tilt_all_-90,upperarm_cap_2_tilt_all_-15,wrist_cap_2_tilt_all_0,24
683,5032.5678756886,flange_ring_tilt_all_-90,upperarm_cap_1_tilt_all_0,upperarm_ring_x_-0.16,24
684,5032.2700109732,flange_ring_tilt_all_-90,flange_ring_tilt_all_0,wrist_cap_1_tilt_all_-30,24
685,5032.2198250129,flange_ring_tilt_all_-90,base_cap_tilt_all_0,forearm_cap_1_tilt_all_45,24
686,5029.6072274544,flange_ring_tilt_all_-90,forearm_cap_2_tilt_all_10,forearm_ring_x_-0.35,24
687,5028.5109023098,flange_ring_tilt_all_-90,flange_ring_tilt_all_0,wrist_cap_1_tilt_all_-10,24
688,5026.9657770452,flange_ring_tilt_all_-90,upperarm_cap_1_tilt_all_-15,wrist_cap_2_tilt_all_0,24
689,5025.7832636270,flange_ring_tilt_all_-90,forearm_cap_2_tilt_all_0,forearm_ring_x_-0.20,24
690,5023.0817882284,flange_ring_tilt_all_-90,forearm_ring_x_-0.20,upperarm_cap_1_tilt_all_0,24
691,5022.5703697989,flange_ring_tilt_all_-90,forearm_cap_1_tilt_all_10,upperarm_ring_tilt_all_15,24
692,5020.1958992956,flange_ring_tilt_all_-90,base_cap_tilt_all_-10,forearm_cap_1_tilt_all_45,24
693,5016.3990558229,flange_ring_tilt_all_-90,flange_ring_tilt_all_-10,upperarm_cap_2_tilt_all_0,24
694,5015.7182715229,flange_ring_tilt_all_-90,base_cap_tilt_all_-15,flange_ring_tilt_all_-30,24
695,5014.7339172373,flange_ring_tilt_all_-90,flange_ring_tilt_all_-15,upperarm_cap_1_tilt_all_0,24
696,5013.8425057109,flange_ring_tilt_all_-90,base_cap_tilt_all_0,upperarm_ring_x_-0.16,24
697,5011.7925653516,flange_ring_tilt_all_-90,forearm_cap_1_tilt_all_0,upperarm_ring_x_-0.16,24
698,5010.6099349257,flange_ring_tilt_all_-90,forearm_cap_1_tilt_all_45,upperarm_ring_tilt_all_45,24
699,5009.6426700171,flange_ring_tilt_all_-90,flange_ring_tilt_all_-15,wrist_cap_2_tilt_all_45,24
700,5009.2581932928,flange_ring_tilt_all_-90,forearm_ring_x_-0.50,wrist_cap_1_tilt_all_-30,24
701,5008.6370653124,flange_ring_tilt_all_-90,base_cap_tilt_all_-10,upperarm_ring_x_-0.36,24
702,5006.4782996902,flange_ring_tilt_all_-90,forearm_ring_x_-0.25,upperarm_cap_1_tilt_all_0,24
703,5004.0251560375,flange_ring_tilt_all_-90,forearm_cap_1_tilt_all_10,upperarm_ring_x_-0.31,24
704,5003.3825703080,flange_ring_tilt_all_-90,forearm_ring_x_-0.45,upperarm_ring_tilt_all_45,24
705,5003.3082056602,flange_ring_tilt_all_-90,forearm_cap_1_tilt_all_0,upperarm_cap_2_tilt_all_-60,24
706,5002.8659328918,flange_ring_tilt_all_-90,upperarm_cap_2_tilt_all_-30,wrist_cap_2_tilt_all_15,24
707,5001.9530320866,flange_ring_tilt_all_-90,base_cap_tilt_all_-30,wrist_cap_1_tilt_all_-60,24
708,5001.7785765083,flange_ring_tilt_all_-90,upperarm_cap_1_tilt_all_-15,wrist_cap_1_tilt_all_-60,24
709,4999.1152688227,flange_ring_tilt_all_-90,forearm_cap_1_tilt_all_0,upperarm_cap_1_tilt_all_-45,24
710,4996.0009483535,flange_ring_tilt_all_-90,forearm_cap_1_tilt_all_10,forearm_cap_1_tilt_all_60,24
711,4995.8564161056,flange_ring_tilt_all_-90,upperarm_cap_2_tilt_all_0,upperarm_ring_x_-0.26,24
712,4994.6346384076,flange_ring_tilt_all_-90,forearm_ring_x_-0.30,upperarm_cap_1_tilt_all_0,24
713,4994.3826550743,flange_ring_tilt_all_-90,flange_ring_tilt_all_-45,upperarm_ring_tilt_all_45,24
714,4993.6904782252,flange_ring_tilt_all_-90,flange_ring_tilt_all_0,forearm_ring_x_-0.45,24
715,4992.7708731451,flange_ring_tilt_all_-90,base_cap_tilt_all_-10,upperarm_cap_1_tilt_all_-30,24
716,4992.5920417984,flange_ring_tilt_all_-90,upperarm_ring_tilt_all_45,upperarm_ring_x_-0.31,24
717,4990.2746662592,flange_ring_tilt_all_-90,upperarm_cap_2_tilt_all_-15,wrist_cap_1_tilt_all_0,24
718,4989.4918108487,flange_ring_tilt_all_-90,flange_ring_tilt_all_0,wrist_cap_1_tilt_all_0,24
719,4988.8567189617,flange_ring_tilt_all_-90,forearm_ring_x_-0.35,upperarm_cap_1_tilt_all_0,24
720,4988.5433418040,flange_ring_tilt_all_-90,forearm_ring_x_-0.40,wrist_cap_1_tilt_all_-60,24
721,4983.8225393192,flange_ring_tilt_all_-90,forearm_cap_2_tilt_all_10,forearm_ring_x_-0.30,24
722,4982.0824860399,flange_ring_tilt_all_-90,upperarm_cap_2_tilt_all_-30,wrist_cap_2_tilt_all_10,24
723,4981.0994664226,flange_ring_tilt_all_-90,forearm_ring_x_-0.40,upperarm_cap_1_tilt_all_0,24
724,4980.9417556855,flange_ring_tilt_all_-90,forearm_cap_2_tilt_all_60,upperarm_cap_1_tilt_all_-10,24
725,4978.6171639860,flange_ring_tilt_all_-90,upperarm_cap_1_tilt_all_-15,wrist_cap_1_tilt_all_-15,24
726,4978.2792698812,flange_ring_tilt_all_-90,forearm_cap_1_tilt_all_10,forearm_cap_2_tilt_all_45,24
727,4978.1970158256,flange_ring_tilt_all_-90,forearm_ring_x_-0.50,upperarm_cap_1_tilt_all_0,24
728,4977.7337350499,flange_ring_tilt_all_-90,wrist_cap_1_tilt_all_-15,wrist_cap_2_tilt_all_30,24
729,4977.0144919763,flange_ring_tilt_all_-90,forearm_ring_x_-0.45,upperarm_cap_1_tilt_all_0,24
730,4975.2868831596,flange_ring_tilt_all_-90,base_cap_tilt_all_-30,flange_ring_tilt_all_-15,24
731,4974.4479558429,flange_ring_tilt_all_-90,base_cap_tilt_all_-30,wrist_cap_1_tilt_all_-15,24
732,4973.4173034043,flange_ring_tilt_all_-90,base_cap_tilt_all_-10,upperarm_ring_x_-0.31,24
733,4968.7540673836,flange_ring_tilt_all_-90,wrist_cap_1_tilt_all_-60,wrist_cap_1_tilt_all_0,24
734,4968.3255168856,flange_ring_tilt_all_-90,forearm_cap_1_tilt_all_15,upperarm_ring_x_-0.51,24
735,4968.2144143600,flange_ring_tilt_all_-90,forearm_cap_2_tilt_all_0,forearm_ring_x_-0.15,24
736,4965.7637045248,flange_ring_tilt_all_-90,flange_ring_tilt_all_-10,wrist_cap_2_tilt_all_0,24
737,4964.0186996484,flange_ring_tilt_all_-90,forearm_cap_1_tilt_all_45,wrist_cap_1_tilt_all_-30,24
738,4963.7620015589,flange_ring_tilt_all_-90,upperarm_cap_2_tilt_all_0,upperarm_ring_tilt_all_10,24
739,4963.0759480653,flange_ring_tilt_all_-90,forearm_cap_1_tilt_all_45,forearm_cap_2_tilt_all_0,24
740,4959.1884035634,flange_ring_tilt_all_-90,forearm_ring_x_-0.40,upperarm_ring_tilt_all_45,24
741,4955.7772367033,flange_ring_tilt_all_-90,forearm_cap_1_tilt_all_10,forearm_cap_1_tilt_all_30,24
742,4955.5057376660,flange_ring_tilt_all_-90,base_cap_tilt_all_-15,forearm_cap_1_tilt_all_45,24
743,4955.3252684894,flange_ring_tilt_all_-90,forearm_cap_1_tilt_all_15,wrist_cap_2_tilt_all_10,24
744,4947.7375916208,flange_ring_tilt_all_-90,base_cap_tilt_all_-10,forearm_cap_2_tilt_all_45,24
745,4946.2545987760,flange_ring_tilt_all_-90,upperarm_cap_1_tilt_all_-15,wrist_cap_1_tilt_all_-10,24
746,4946.0018368163,flange_ring_tilt_all_-90,forearm_cap_1_tilt_all_10,upperarm_ring_x_-0.26,24
747,4945.8916926335,flange_ring_tilt_all_-90,flange_ring_tilt_all_-15,forearm_cap_2_tilt_all_45,24
748,4945.6649844292,flange_ring_tilt_all_-90,base_cap_tilt_all_-30,wrist_cap_1_tilt_all_-10,24
749,4944.5121076881,flange_ring_tilt_all_-90,upperarm_cap_2_tilt_all_-15,upperarm_ring_tilt_all_30,24
750,4944.4340650488,flange_ring_tilt_all_-90,upperarm_cap_1_tilt_all_-15,upperarm_cap_2_tilt_all_0,24
751,4943.4409733332,flange_ring_tilt_all_-90,forearm_cap_1_tilt_all_0,upperarm_ring_tilt_all_0,24
752,4943.4409733332,flange_ring_tilt_all_-90,forearm_cap_1_tilt_all_0,upperarm_ring_x_-0.11,24
753,4942.1843132359,flange_ring_tilt_all_-90,forearm_cap_2_tilt_all_15,forearm_ring_x_-0.45,24
754,4939.4794135937,flange_ring_tilt_all_-90,upperarm_cap_1_tilt_all_0,upperarm_ring_tilt_all_0,24
755,4939.4794135937,flange_ring_tilt_all_-90,upperarm_cap_1_tilt_all_0,upperarm_ring_x_-0.11,24
756,4939.2823544567,flange_ring_tilt_all_-90,flange_ring_tilt_all_-15,wrist_cap_2_tilt_all_0,24
757,4939.0908277180,flange_ring_tilt_all_-90,base_cap_tilt_all_-15,forearm_ring_x_-0.40,24
758,4938.5107906637,flange_ring_tilt_all_-90,base_cap_tilt_all_0,forearm_cap_2_tilt_all_45,24
759,4938.1668987684,flange_ring_tilt_all_-90,forearm_cap_2_tilt_all_0,upperarm_cap_2_tilt_all_-45,24
760,4936.8822808458,flange_ring_tilt_all_-90,base_cap_tilt_all_-15,forearm_ring_x_-0.45,24
761,4936.8434703295,flange_ring_tilt_all_-90,flange_ring_tilt_all_0,forearm_ring_x_-0.40,24
762,4936.5651478143,flange_ring_tilt_all_-90,base_cap_tilt_all_-10,base_cap_tilt_all_-45,24
763,4936.2914473296,flange_ring_tilt_all_-90,forearm_cap_2_tilt_all_15,forearm_ring_x_-0.50,24
764,4936.1470356345,flange_ring_tilt_all_-90,base_cap_tilt_all_-15,forearm_ring_x_-0.50,24
765,4935.8631433222,flange_ring_tilt_all_-90,base_cap_tilt_all_-10,upperarm_ring_tilt_all_10,24
766,4935.7797060576,flange_ring_tilt_all_-90,forearm_cap_2_tilt_all_10,forearm_ring_x_-0.25,24
767,4935.5978356843,flange_ring_tilt_all_-90,base_cap_tilt_all_0,upperarm_ring_tilt_all_0,24
768,4935.5978356843,flange_ring_tilt_all_-90,base_cap_tilt_all_0,upperarm_ring_x_-0.11,24
769,4932.8869998986,flange_ring_tilt_all_-90,forearm_cap_2_tilt_all_15,forearm_ring_x_-0.40,24
770,4932.8581197034,flange_ring_tilt_all_-90,base_cap_tilt_all_-10,upperarm_ring_x_-0.26,24
771,4931.7461841356,flange_ring_tilt_all_-90,upperarm_cap_2_tilt_all_0,upperarm_ring_x_-0.21,24
772,4931.4591939808,flange_ring_tilt_all_-90,flange_ring_tilt_all_-15,upperarm_cap_2_tilt_all_0,24
773,4930.9420118074,flange_ring_tilt_all_-90,base_cap_tilt_all_-30,wrist_cap_1_tilt_all_0,24
774,4929.4707394375,flange_ring_tilt_all_-90,base_cap_tilt_all_-15,forearm_ring_x_-0.35,24
775,4926.3825547515,flange_ring_tilt_all_-90,forearm_cap_1_tilt_all_10,upperarm_ring_tilt_all_10,24
776,4925.9722566587,flange_ring_tilt_all_-90,wrist_cap_1_tilt_all_-10,wrist_cap_2_tilt_all_30,24
777,4924.0899428989,flange_ring_tilt_all_-90,forearm_cap_1_tilt_all_10,wrist_cap_2_tilt_all_15,24
778,4923.5728253828,flange_ring_tilt_all_-90,forearm_cap_2_tilt_all_0,wrist_cap_2_tilt_all_45,24
779,4922.7588066337,flange_ring_tilt_all_-90,flange_ring_tilt_all_-30,forearm_cap_2_tilt_all_30,24
780,4922.4925966173,flange_ring_tilt_all_-90,forearm_cap_1_tilt_all_15,upperarm_ring_x_-0.46,24
781,4921.2814961468,flange_ring_tilt_all_-90,base_cap_tilt_all_-15,forearm_ring_x_-0.30,24
782,4919.9872132934,flange_ring_tilt_all_-90,flange_ring_tilt_all_0,wrist_cap_2_tilt_all_0,24
783,4917.4264330497,flange_ring_tilt_all_-90,upperarm_ring_tilt_all_45,upperarm_ring_x_-0.36,24
784,4916.7396306102,flange_ring_tilt_all_-90,base_cap_tilt_all_0,upperarm_cap_2_tilt_all_-45,24
785,4915.6816614905,flange_ring_tilt_all_-90,base_cap_tilt_all_-15,forearm_ring_x_-0.25,24
786,4914.2907948129,flange_ring_tilt_all_-90,upperarm_cap_1_tilt_all_-15,upperarm_ring_tilt_all_30,24
787,4911.4260114567,flange_ring_tilt_all_-90,forearm_cap_1_tilt_all_15,forearm_cap_2_tilt_all_10,24
788,4911.2721491363,flange_ring_tilt_all_-90,base_cap_tilt_all_-15,forearm_cap_2_tilt_all_45,24
789,4909.9771101802,flange_ring_tilt_all_-90,forearm_ring_x_-0.35,upperarm_ring_tilt_all_45,24
790,4909.2590980879,flange_ring_tilt_all_-90,base_cap_tilt_all_-15,forearm_ring_x_-0.20,24
791,4908.9144900744,flange_ring_tilt_all_-90,flange_ring_tilt_all_-60,forearm_cap_1_tilt_all_0,24
792,4907.7322692113,flange_ring_tilt_all_-90,wrist_cap_1_tilt_all_-30,wrist_cap_2_tilt_all_60,24
793,4902.3539249807,flange_ring_tilt_all_-90,forearm_ring_x_-0.40,wrist_cap_1_tilt_all_-45,24
794,4900.5358715736,flange_ring_tilt_all_-90,forearm_cap_2_tilt_all_0,upperarm_ring_tilt_all_30,24
795,4899.3556791415,flange_ring_tilt_all_-90,base_cap_tilt_all_-15,forearm_ring_x_-0.15,24
796,4895.6062235025,flange_ring_tilt_all_-90,forearm_cap_2_tilt_all_45,wrist_cap_1_tilt_all_-60,24
797,4893.5260293299,flange_ring_tilt_all_-90,wrist_cap_1_tilt_all_0,wrist_cap_2_tilt_all_30,24
798,4893.1099257953,flange_ring_tilt_all_-90,forearm_cap_2_tilt_all_15,forearm_ring_x_-0.35,24
799,4892.8725919308,flange_ring_tilt_all_-90,forearm_cap_1_tilt_all_10,upperarm_ring_x_-0.21,24
800,4890.6700850330,flange_ring_tilt_all_-90,base_cap_tilt_all_-10,base_cap_tilt_all_0,24
801,4888.9663015368,flange_ring_tilt_all_-90,forearm_cap_2_tilt_all_0,forearm_ring,24
802,4888.9663015368,flange_ring_tilt_all_-90,forearm_cap_2_tilt_all_0,forearm_ring_x_-0.10,24
803,4886.1848904781,flange_ring_tilt_all_-90,wrist_cap_1_tilt_all_-45,wrist_cap_2_tilt_all_60,24
804,4884.2418466210,flange_ring_tilt_all_-90,base_cap_tilt_all_-10,upperarm_ring_x_-0.21,24
805,4883.6263658142,flange_ring_tilt_all_-90,forearm_ring_x_-0.25,upperarm_cap_2_tilt_all_-10,24
806,4881.8263847445,flange_ring_tilt_all_-90,forearm_ring_x_-0.20,upperarm_cap_2_tilt_all_-10,24
807,4881.3148029031,flange_ring_tilt_all_-90,forearm_cap_2_tilt_all_10,forearm_ring_x_-0.20,24
808,4880.1317837229,flange_ring_tilt_all_-90,base_cap_tilt_all_-15,forearm_ring,24
809,4880.1317837229,flange_ring_tilt_all_-90,base_cap_tilt_all_-15,forearm_ring_x_-0.10,24
810,4877.0952099317,flange_ring_tilt_all_-90,forearm_cap_1_tilt_all_10,upperarm_cap_1_tilt_all_-45,24
811,4875.1438543073,flange_ring_tilt_all_-90,upperarm_cap_1_tilt_all_-15,wrist_cap_1_tilt_all_0,24
812,4872.7401225391,flange_ring_tilt_all_-90,base_cap_tilt_all_-10,base_cap_tilt_all_-60,24
813,4871.5402945857,flange_ring_tilt_all_-90,forearm_cap_1_tilt_all_10,upperarm_cap_2_tilt_all_-60,24
814,4869.5662020074,flange_ring_tilt_all_-90,forearm_cap_1_tilt_all_30,wrist_cap_2_tilt_all_10,24
815,4868.6939544416,flange_ring_tilt_all_-90,forearm_cap_2_tilt_all_0,forearm_cap_2_tilt_all_60,24
816,4868.3832451769,flange_ring_tilt_all_-90,forearm_ring_x_-0.30,upperarm_cap_2_tilt_all_-10,24
817,4866.3071988648,flange_ring_tilt_all_-90,upperarm_cap_2_tilt_all_0,upperarm_ring_x_-0.16,24
818,4866.2351845492,flange_ring_tilt_all_-90,forearm_cap_1_tilt_all_15,upperarm_ring_x_-0.41,24
819,4865.7644350889,flange_ring_tilt_all_-90,upperarm_ring_tilt_all_30,upperarm_ring_tilt_all_45,24
820,4864.7564053395,flange_ring_tilt_all_-90,forearm_ring_x_-0.30,upperarm_ring_tilt_all_45,24
821,4863.3973655201,flange_ring_tilt_all_-90,forearm_cap_2_tilt_all_0,wrist_cap_2_tilt_all_60,24
822,4863.3735571940,flange_ring_tilt_all_-90,flange_ring_tilt_all_-30,upperarm_cap_2_tilt_all_0,24
823,4862.1402143864,flange_ring_tilt_all_-90,flange_ring_tilt_all_0,forearm_cap_2_tilt_all_60,24
824,4859.5783766347,flange_ring_tilt_all_-90,forearm_ring_x_-0.15,upperarm_cap_2_tilt_all_-10,24
825,4857.6559350426,flange_ring_tilt_all_-90,flange_ring_tilt_all_0,forearm_ring_x_-0.35,24
826,4851.9144388976,flange_ring_tilt_all_-90,forearm_ring_x_-0.35,upperarm_cap_2_tilt_all_-10,24
827,4851.8321427040,flange_ring_tilt_all_-90,flange_ring_tilt_all_-10,wrist_cap_1_tilt_all_-30,24
828,4850.4724044376,flange_ring_tilt_all_-90,upperarm_cap_2_tilt_all_-45,upperarm_ring_tilt_all_45,24
829,4850.0656337576,flange_ring_tilt_all_-90,upperarm_ring_tilt_all_45,upperarm_ring_x_-0.41,24
830,4845.8104058478,flange_ring_tilt_all_-90,forearm_cap_1_tilt_all_45,wrist_cap_1_tilt_all_-45,24
831,4843.8016748679,flange_ring_tilt_all_-90,wrist_cap_1_tilt_all_-10,wrist_cap_1_tilt_all_-60,24
832,4843.2369816676,flange_ring_tilt_all_-90,upperarm_cap_1_tilt_all_-30,upperarm_cap_2_tilt_all_0,24
833,4842.8447734218,flange_ring_tilt_all_-90,flange_ring_tilt_all_0,upperarm_cap_2_tilt_all_-10,24
834,4842.0068638066,flange_ring_tilt_all_-90,forearm_cap_2_tilt_all_15,forearm_ring_x_-0.30,24
835,4840.6518655677,flange_ring_tilt_all_-90,forearm_cap_1_tilt_all_10,upperarm_ring_x_-0.16,24
836,4840.5710643367,flange_ring_tilt_all_-90,flange_ring_tilt_all_-30,wrist_cap_2_tilt_all_15,24
837,4838.9983405817,flange_ring_tilt_all_-90,base_cap_tilt_all_-15,upperarm_ring_x_-0.51,24
838,4838.6462919130,flange_ring_tilt_all_-90,flange_ring_tilt_all_-15,forearm_cap_1_tilt_all_45,24
839,4838.5304402212,flange_ring_tilt_all_-90,forearm_cap_2_tilt_all_60,upperarm_cap_2_tilt_all_-10,24
840,4836.5070739897,flange_ring_tilt_all_-90,flange_ring_tilt_all_-45,forearm_cap_2_tilt_all_0,24
841,4835.7122534976,flange_ring_tilt_all_-90,flange_ring_tilt_all_-30,wrist_cap_2_tilt_all_10,24
842,4834.6626728185,flange_ring_tilt_all_-90,base_cap_tilt_all_-15,upperarm_ring_x_-0.46,24
843,4833.1418152565,flange_ring_tilt_all_-90,forearm_ring_x_-0.40,upperarm_cap_2_tilt_all_-10,24
844,4833.0724154598,flange_ring_tilt_all_-90,base_cap_tilt_all_0,flange_ring_tilt_all_-45,24
845,4831.2625470868,flange_ring_tilt_all_-90,forearm_ring,upperarm_cap_2_tilt_all_-10,24
846,4831.2625470868,flange_ring_tilt_all_-90,forearm_ring_x_-0.10,upperarm_cap_2_tilt_all_-10,24
847,4830.5696746326,flange_ring_tilt_all_-90,base_cap_tilt_all_-10,upperarm_ring_x_-0.16,24
848,4829.7201550705,flange_ring_tilt_all_-90,upperarm_cap_2_tilt_all_-45,upperarm_cap_2_tilt_all_0,24
849,4825.1742625113,flange_ring_tilt_all_-90,forearm_ring_x_-0.25,upperarm_ring_tilt_all_45,24
850,4822.5116907986,flange_ring_tilt_all_-90,base_cap_tilt_all_-10,base_cap_tilt_all_-30,24
851,4822.0145966180,flange_ring_tilt_all_-90,base_cap_tilt_all_-15,upperarm_ring_tilt_all_15,24
852,4821.0322074513,flange_ring_tilt_all_-90,forearm_cap_2_tilt_all_60,upperarm_ring_tilt_all_45,24
853,4818.3748177492,flange_ring_tilt_all_-90,forearm_cap_2_tilt_all_10,forearm_ring_x_-0.15,24
854,4817.8557168766,flange_ring_tilt_all_-90,flange_ring_tilt_all_0,wrist_cap_1_tilt_all_-45,24
855,4817.2457904075,flange_ring_tilt_all_-90,upperarm_cap_1_tilt_all_-45,upperarm_ring_tilt_all_45,24
856,4816.5604353165,flange_ring_tilt_all_-90,flange_ring_tilt_all_-60,upperarm_ring_tilt_all_45,24
857,4815.2225403402,flange_ring_tilt_all_-90,forearm_cap_2_tilt_all_10,upperarm_cap_2_tilt_all_-45,24
858,4814.1819418153,flange_ring_tilt_all_-90,upperarm_cap_2_tilt_all_-30,wrist_cap_2_tilt_all_30,24
859,4814.1538804423,flange_ring_tilt_all_-90,forearm_ring_x_-0.45,upperarm_cap_2_tilt_all_-10,24
860,4812.3621454209,flange_ring_tilt_all_-90,base_cap_tilt_all_-15,upperarm_ring_x_-0.41,24
861,4809.1483137931,flange_ring_tilt_all_-90,upperarm_cap_2_tilt_all_-30,upperarm_cap_2_tilt_all_0,24
862,4809.0892424943,flange_ring_tilt_all_-90,forearm_cap_1_tilt_all_15,upperarm_ring_x_-0.36,24
863,4805.0642202914,flange_ring_tilt_all_-90,upperarm_cap_1_tilt_all_-15,wrist_cap_2_tilt_all_60,24
864,4798.5625412425,flange_ring_tilt_all_-90,forearm_cap_1_tilt_all_60,upperarm_cap_1_tilt_all_-10,24
865,4796.7108829335,flange_ring_tilt_all_-90,base_cap_tilt_all_-60,upperarm_cap_1_tilt_all_0,24
866,4796.4326988603,flange_ring_tilt_all_-90,forearm_cap_2_tilt_all_15,forearm_ring_x_-0.25,24
867,4794.6037323683,flange_ring_tilt_all_-90,forearm_cap_2_tilt_all_0,wrist_cap_2_tilt_all_30,24
868,4794.2005796664,flange_ring_tilt_all_-90,forearm_ring_x_-0.20,upperarm_ring_tilt_all_45,24
869,4794.0989907870,flange_ring_tilt_all_-90,upperarm_ring_tilt_all_45,upperarm_ring_x_-0.46,24
870,4792.4693971420,flange_ring_tilt_all_-90,flange_ring_tilt_all_-15,wrist_cap_1_tilt_all_-30,24
871,4791.0582627970,flange_ring_tilt_all_-90,forearm_ring_x_-0.50,upperarm_cap_2_tilt_all_-10,24
872,4790.6104453383,flange_ring_tilt_all_-90,forearm_cap_2_tilt_all_45,wrist_cap_1_tilt_all_-15,24
873,4789.4355950132,flange_ring_tilt_all_-90,forearm_cap_1_tilt_all_10,upperarm_ring_tilt_all_0,24
874,4789.4355950132,flange_ring_tilt_all_-90,forearm_cap_1_tilt_all_10,upperarm_ring_x_-0.11,24
875,4787.9559114763,flange_ring_tilt_all_-90,forearm_ring_x_-0.45,wrist_cap_1_tilt_all_-30,24
876,4787.8006013003,flange_ring_tilt_all_-90,forearm_cap_1_tilt_all_30,upperarm_cap_1_tilt_all_-30,24
877,4787.6650585056,flange_ring_tilt_all_-90,forearm_cap_2_tilt_all_30,wrist_cap_2_tilt_all_10,24
878,4787.0107778596,flange_ring_tilt_all_-90,base_cap_tilt_all_-15,upperarm_ring_x_-0.36,24
879,4781.2234399928,flange_ring_tilt_all_-90,base_cap_tilt_all_-60,forearm_cap_1_tilt_all_0,24
880,4781.0874686628,flange_ring_tilt_all_-90,base_cap_tilt_all_-15,upperarm_cap_1_tilt_all_-30,24
881,4780.6044240105,flange_ring_tilt_all_-90,wrist_cap_1_tilt_all_-10,wrist_cap_1_tilt_all_-45,24
882,4779.0176993398,flange_ring_tilt_all_-90,flange_ring_tilt_all_-60,forearm_cap_1_tilt_all_10,24
883,4777.5012103732,flange_ring_tilt_all_-90,forearm_cap_2_tilt_all_15,wrist_cap_2_tilt_all_10,24
884,4776.2626080049,flange_ring_tilt_all_-90,flange_ring_tilt_all_0,forearm_ring_x_-0.30,24
885,4774.8355012022,flange_ring_tilt_all_-90,forearm_cap_1_tilt_all_15,upperarm_ring_tilt_all_15,24
886,4773.6286344209,flange_ring_tilt_all_-90,forearm_cap_1_tilt_all_15,forearm_cap_2_tilt_all_15,24
887,4767.2572615355,flange_ring_tilt_all_-90,flange_ring_tilt_all_-30,upperarm_cap_1_tilt_all_0,24
888,4766.3339451381,flange_ring_tilt_all_-90,forearm_ring_x_-0.35,wrist_cap_1_tilt_all_-60,24
889,4765.9870227971,flange_ring_tilt_all_-90,base_cap_tilt_all_0,wrist_cap_2_tilt_all_60,24
890,4764.7159283148,flange_ring_tilt_all_-90,upperarm_cap_2_tilt_all_-15,wrist_cap_2_tilt_all_60,24
891,4764.2989392994,flange_ring_tilt_all_-90,upperarm_cap_2_tilt_all_0,upperarm_ring_tilt_all_0,24
892,4764.2989392994,flange_ring_tilt_all_-90,upperarm_cap_2_tilt_all_0,upperarm_ring_x_-0.11,24
893,4763.7158998059,flange_ring_tilt_all_-90,upperarm_cap_1_tilt_all_0,upperarm_cap_2_tilt_all_-30,24
894,4762.6197674893,flange_ring_tilt_all_-90,forearm_ring_x_-0.15,upperarm_ring_tilt_all_45,24
895,4762.6151778751,flange_ring_tilt_all_-90,forearm_cap_1_tilt_all_15,wrist_cap_2_tilt_all_15,24
896,4761.9346332025,flange_ring_tilt_all_-90,wrist_cap_1_tilt_all_-30,wrist_cap_1_tilt_all_0,24
897,4758.7166608433,flange_ring_tilt_all_-90,forearm_cap_2_tilt_all_0,wrist_cap_2_tilt_all_0,24
898,4758.4389643433,flange_ring_tilt_all_-90,base_cap_tilt_all_-15,upperarm_ring_x_-0.31,24
899,4757.6331684421,flange_ring_tilt_all_-90,flange_ring_tilt_all_0,upperarm_ring_tilt_all_30,24
900,4755.3564177144,flange_ring_tilt_all_-90,forearm_ring_x_-0.55,upperarm_ring_tilt_all_45,24
901,4753.4608989396,flange_ring_tilt_all_-90,forearm_cap_1_tilt_all_15,upperarm_ring_x_-0.31,24
902,4753.2141120886,flange_ring_tilt_all_-90,upperarm_ring_tilt_all_45,upperarm_ring_x_-0.51,24
903,4753.1035536198,flange_ring_tilt_all_-90,base_cap_tilt_all_-30,wrist_cap_2_tilt_all_45,24
904,4752.6558591242,flange_ring_tilt_all_-90,base_cap_tilt_all_-30,forearm_cap_2_tilt_all_45,24
905,4752.3131773115,flange_ring_tilt_all_-90,base_cap_tilt_all_-10,upperarm_ring_tilt_all_0,24
906,4752.3131773115,flange_ring_tilt_all_-90,base_cap_tilt_all_-10,upperarm_ring_x_-0.11,24
907,4748.3172519085,flange_ring_tilt_all_-90,upperarm_cap_2_tilt_all_-30,wrist_cap_2_tilt_all_0,24
908,4746.4611610792,flange_ring_tilt_all_-90,base_cap_tilt_all_-45,upperarm_cap_1_tilt_all_-10,24
909,4746.3791609276,flange_ring_tilt_all_-90,flange_ring_tilt_all_-10,wrist_cap_1_tilt_all_-15,24
910,4745.6260544582,flange_ring_tilt_all_-90,forearm_cap_2_tilt_all_15,forearm_ring_x_-0.20,24
911,4744.6624654645,flange_ring_tilt_all_-90,flange_ring_tilt_all_0,upperarm_cap_1_tilt_all_-15,24
912,4742.6647518493,flange_ring_tilt_all_-90,base_cap_tilt_all_-60,forearm_cap_1_tilt_all_10,24
913,4740.8968505538,flange_ring_tilt_all_-90,upperarm_cap_1_tilt_all_-10,upperarm_ring_tilt_all_15,24
914,4739.4415007308,flange_ring_tilt_all_-90,flange_ring_tilt_all_-10,wrist_cap_1_tilt_all_-10,24
915,4738.2323014221,flange_ring_tilt_all_-90,upperarm_cap_1_tilt_all_-60,upperarm_ring_tilt_all_45,24
916,4736.5977131325,flange_ring_tilt_all_-90,forearm_cap_1_tilt_all_60,upperarm_ring_tilt_all_45,24
917,4735.7935888590,flange_ring_tilt_all_-90,forearm_ring,upperarm_ring_tilt_all_45,24
918,4735.7935888590,flange_ring_tilt_all_-90,forearm_ring_x_-0.10,upperarm_ring_tilt_all_45,24
919,4732.2607945117,flange_ring_tilt_all_-90,forearm_cap_2_tilt_all_10,forearm_ring,24
920,4732.2607945117,flange_ring_tilt_all_-90,forearm_cap_2_tilt_all_10,forearm_ring_x_-0.10,24
921,4731.9535155495,flange_ring_tilt_all_-90,forearm_cap_1_tilt_all_10,wrist_cap_2_tilt_all_30,24
922,4731.3277235097,flange_ring_tilt_all_-90,base_cap_tilt_all_-10,wrist_cap_2_tilt_all_60,24
923,4724.7820080896,flange_ring_tilt_all_-90,base_cap_tilt_all_-15,upperarm_ring_tilt_all_10,24
924,4724.5833858405,flange_ring_tilt_all_-90,upperarm_cap_1_tilt_all_-10,upperarm_ring_x_-0.46,24
925,4724.5548661145,flange_ring_tilt_all_-90,forearm_cap_2_tilt_all_10,upperarm_ring_tilt_all_30,24
926,4723.5642039657,flange_ring_tilt_all_-90,forearm_cap_2_tilt_all_45,wrist_cap_1_tilt_all_-10,24
927,4722.4443320226,flange_ring_tilt_all_-90,base_cap_tilt_all_-15,upperarm_ring_x_-0.26,24
928,4720.4675174591,flange_ring_tilt_all_-90,flange_ring_tilt_all_-10,wrist_cap_1_tilt_all_0,24
929,4715.7768902760,flange_ring_tilt_all_-90,upperarm_cap_1_tilt_all_-10,upperarm_ring_x_-0.51,24
930,4715.5570075064,flange_ring_tilt_all_-90,forearm_cap_1_tilt_all_10,wrist_cap_2_tilt_all_45,24
931,4714.8558261995,flange_ring_tilt_all_-90,wrist_cap_1_tilt_all_-15,wrist_cap_2_tilt_all_45,24
932,4714.3817249424,flange_ring_tilt_all_-90,forearm_cap_1_tilt_all_10,forearm_cap_2_tilt_all_60,24
933,4713.7737052888,flange_ring_tilt_all_-90,forearm_cap_2_tilt_all_60,wrist_cap_1_tilt_all_-30,24
934,4709.8716916025,flange_ring_tilt_all_-90,upperarm_cap_2_tilt_all_-10,upperarm_ring_x_-0.51,24
935,4707.1612924603,flange_ring_tilt_all_-90,flange_ring_tilt_all_-45,forearm_cap_2_tilt_all_10,24
936,4705.5528421149,flange_ring_tilt_all_-90,wrist_cap_1_tilt_all_-15,wrist_cap_1_tilt_all_-60,24
937,4704.7372908319,flange_ring_tilt_all_-90,base_cap_tilt_all_-10,upperarm_cap_2_tilt_all_-45,24
938,4702.7761518349,flange_ring_tilt_all_-90,upperarm_cap_1_tilt_all_-10,upperarm_ring_x_-0.41,24
939,4698.4841007990,flange_ring_tilt_all_-90,flange_ring_tilt_all_-75,upperarm_ring_tilt_all_45,24
940,4698.3387792855,flange_ring_tilt_all_-90,forearm_cap_1_tilt_all_15,upperarm_ring_x_-0.26,24
941,4695.8264941307,flange_ring_tilt_all_-90,flange_ring_tilt_all_0,forearm_ring_x_-0.25,24
942,4695.6516127664,flange_ring_tilt_all_-90,forearm_cap_1_tilt_all_45,wrist_cap_1_tilt_all_-15,24
943,4695.5178933423,flange_ring_tilt_all_-90,base_cap_tilt_all_-45,upperarm_cap_2_tilt_all_-10,24
944,4693.4527550665,flange_ring_tilt_all_-90,forearm_cap_2_tilt_all_10,wrist_cap_2_tilt_all_10,24
945,4692.9304628449,flange_ring_tilt_all_-90,forearm_cap_1_tilt_all_0,upperarm_cap_1_tilt_all_-60,24
946,4685.0948273826,flange_ring_tilt_all_-90,upperarm_cap_2_tilt_all_-10,upperarm_ring_x_-0.46,24
947,4683.8819269342,flange_ring_tilt_all_-90,forearm_cap_2_tilt_all_15,forearm_ring_x_-0.15,24
948,4683.6494921443,flange_ring_tilt_all_-90,flange_ring_tilt_all_-10,wrist_cap_1_tilt_all_-45,24
949,4682.7291556003,flange_ring_tilt_all_-90,forearm_cap_2_tilt_all_15,upperarm_cap_2_tilt_all_-45,24
950,4678.4711127990,flange_ring_tilt_all_-90,base_cap_tilt_all_-15,upperarm_ring_x_-0.21,24
951,4678.2603159031,flange_ring_tilt_all_-90,forearm_cap_1_tilt_all_15,upperarm_ring_tilt_all_10,24
952,4676.5313117115,flange_ring_tilt_all_-90,upperarm_cap_1_tilt_all_-10,upperarm_ring_x_-0.36,24
953,4676.4495243540,flange_ring_tilt_all_-90,forearm_cap_2_tilt_all_45,wrist_cap_1_tilt_all_0,24
954,4674.7688397202,flange_ring_tilt_all_-90,upperarm_cap_2_tilt_all_-60,upperarm_cap_2_tilt_all_0,24
955,4672.8013872327,flange_ring_tilt_all_-90,forearm_ring_x_-0.50,upperarm_cap_1_tilt_all_-10,24
956,4671.5863369062,flange_ring_tilt_all_-90,base_cap_tilt_all_-10,flange_ring_tilt_all_-45,24
957,4670.0826699272,flange_ring_tilt_all_-90,forearm_ring_x_-0.35,wrist_cap_1_tilt_all_-45,24
958,4667.9974254633,flange_ring_tilt_all_-90,forearm_cap_1_tilt_all_30,forearm_cap_2_tilt_all_10,24
959,4665.8381300653,flange_ring_tilt_all_-90,flange_ring_tilt_all_0,forearm_cap_1_tilt_all_60,24
960,4664.4890123202,flange_ring_tilt_all_-90,forearm_cap_1_tilt_all_10,wrist_cap_2_tilt_all_60,24
961,4664.4402456617,flange_ring_tilt_all_-90,base_cap_tilt_all_-15,wrist_cap_2_tilt_all_60,24
962,4664.3929060036,flange_ring_tilt_all_-90,upperarm_cap_2_tilt_all_-60,upperarm_ring_tilt_all_45,24
963,4662.5964965193,flange_ring_tilt_all_-90,forearm_ring_x_-0.45,upperarm_cap_1_tilt_all_-10,24
964,4661.5164220532,flange_ring_tilt_all_-90,forearm_cap_1_tilt_all_45,wrist_cap_1_tilt_all_-10,24
965,4658.8004326305,flange_ring_tilt_all_-90,flange_ring_tilt_all_-75,forearm_cap_1_tilt_all_0,24
966,4656.1512257781,flange_ring_tilt_all_-90,forearm_cap_1_tilt_all_60,upperarm_cap_2_tilt_all_-10,24
967,4655.8144491663,flange_ring_tilt_all_-90,forearm_cap_2_tilt_all_30,upperarm_cap_1_tilt_all_-30,24
968,4655.3010390255,flange_ring_tilt_all_-90,forearm_cap_2_tilt_all_60,wrist_cap_1_tilt_all_-45,24
969,4655.0054284736,flange_ring_tilt_all_-90,forearm_ring_x_-0.40,upperarm_cap_1_tilt_all_-10,24
970,4650.3393479387,flange_ring_tilt_all_-90,base_cap_tilt_all_0,forearm_cap_1_tilt_all_60,24
971,4648.4636590854,flange_ring_tilt_all_-90,upperarm_cap_1_tilt_all_-10,upperarm_ring_x_-0.31,24
972,4647.5710908796,flange_ring_tilt_all_-90,forearm_cap_1_tilt_all_30,wrist_cap_2_tilt_all_15,24
973,4644.6602740941,flange_ring_tilt_all_-90,forearm_cap_1_tilt_all_15,upperarm_ring_x_-0.21,24
974,4644.4942878500,flange_ring_tilt_all_-90,base_cap_tilt_all_-60,upperarm_cap_2_tilt_all_0,24
975,4644.1676329980,flange_ring_tilt_all_-90,forearm_ring_x_-0.35,upperarm_cap_1_tilt_all_-10,24
976,4642.7445686017,flange_ring_tilt_all_-90,upperarm_cap_1_tilt_all_-10,upperarm_cap_2_tilt_all_-10,24
977,4642.5430454373,flange_ring_tilt_all_-90,flange_ring_tilt_all_-10,wrist_cap_2_tilt_all_60,24
978,4642.1599463155,flange_ring_tilt_all_-90,forearm_cap_1_tilt_all_45,wrist_cap_1_tilt_all_0,24
979,4641.9696926598,flange_ring_tilt_all_-90,base_cap_tilt_all_0,upperarm_cap_1_tilt_all_-45,24
980,4641.4840844635,flange_ring_tilt_all_-90,flange_ring_tilt_all_-30,wrist_cap_2_tilt_all_30,24
981,4641.3303122057,flange_ring_tilt_all_-90,base_cap_tilt_all_-30,upperarm_cap_2_tilt_all_-30,24
982,4640.7831696096,flange_ring_tilt_all_-90,flange_ring_tilt_all_-15,wrist_cap_1_tilt_all_-45,24
983,4640.1836786239,flange_ring_tilt_all_-90,forearm_cap_1_tilt_all_15,upperarm_cap_1_tilt_all_-45,24
984,4639.2438986331,flange_ring_tilt_all_-90,wrist_cap_1_tilt_all_-10,wrist_cap_2_tilt_all_45,24
985,4639.2239280601,flange_ring_tilt_all_-90,base_cap_tilt_all_0,forearm_ring_x_-0.55,24
986,4636.0763838511,flange_ring_tilt_all_-90,flange_ring_tilt_all_0,upperarm_cap_2_tilt_all_-15,24
987,4635.0458809831,flange_ring_tilt_all_-90,flange_ring_tilt_all_-15,wrist_cap_1_tilt_all_-15,24
988,4634.8719346839,flange_ring_tilt_all_-90,flange_ring_tilt_all_-30,wrist_cap_2_tilt_all_0,24
989,4634.6287632779,flange_ring_tilt_all_-90,forearm_cap_1_tilt_all_15,upperarm_cap_2_tilt_all_-60,24
990,4634.4993039533,flange_ring_tilt_all_-90,forearm_ring_x_-0.30,upperarm_cap_1_tilt_all_-10,24
991,4630.0888729675,flange_ring_tilt_all_-90,forearm_cap_2_tilt_all_0,forearm_cap_2_tilt_all_15,24
992,4629.5747117686,flange_ring_tilt_all_-90,forearm_ring_x_-0.25,upperarm_cap_1_tilt_all_-10,24
993,4628.7259104394,flange_ring_tilt_all_-90,upperarm_cap_2_tilt_all_-15,upperarm_cap_2_tilt_all_0,24
994,4628.2620362225,flange_ring_tilt_all_-90,forearm_ring_x_-0.20,upperarm_cap_1_tilt_all_-10,24
995,4628.1171561647,flange_ring_tilt_all_-90,base_cap_tilt_all_-15,upperarm_ring_x_-0.16,24
996,4627.4171476904,flange_ring_tilt_all_-90,upperarm_cap_2_tilt_all_-10,upperarm_ring_x_-0.41,24
997,4627.3816477590,flange_ring_tilt_all_-90,forearm_cap_1_tilt_all_15,forearm_cap_1_tilt_all_45,24
998,4626.7608826600,flange_ring_tilt_all_-90,forearm_ring_x_-0.15,upperarm_cap_1_tilt_all_-10,24
999,4625.0783451153,flange_ring_tilt_all_-90,flange_ring_tilt_all_0,wrist_cap_1_tilt_all_-60,24
1000,4624.6137534702,flange_ring_tilt_all_-90,flange_ring_tilt_all_0,forearm_ring_x_-0.20,24
