rank,objective_value,ring_a,ring_b,total_size
1,105927.6614780561,forearm_cap_1_tilt_all_15,upperarm_cap_1_tilt_all_-10,16
2,105395.7953108580,forearm_cap_1_tilt_all_10,upperarm_cap_1_tilt_all_-10,16
3,104975.8416495988,forearm_cap_1_tilt_all_15,upperarm_cap_1_tilt_all_0,16
4,104512.6930693778,forearm_cap_1_tilt_all_10,upperarm_cap_1_tilt_all_-15,16
5,104376.9590888555,forearm_cap_1_tilt_all_15,upperarm_cap_1_tilt_all_-15,16
6,103864.5110447900,forearm_cap_1_tilt_all_10,upperarm_cap_1_tilt_all_0,16
7,102485.5121171879,forearm_cap_2_tilt_all_15,upperarm_cap_1_tilt_all_-10,16
8,102334.5686772862,forearm_cap_1_tilt_all_15,upperarm_cap_2_tilt_all_-10,16
9,102212.4428670038,forearm_cap_1_tilt_all_0,upperarm_ring_tilt_all_60,16
10,102167.0396823246,forearm_cap_1_tilt_all_0,upperarm_ring_tilt_all_45,16
11,102097.0946371753,forearm_cap_2_tilt_all_15,upperarm_cap_1_tilt_all_0,16
12,101754.2452008368,upperarm_cap_2_tilt_all_0,upperarm_ring_tilt_all_45,16
13,101652.2238036277,forearm_cap_1_tilt_all_15,upperarm_cap_2_tilt_all_-15,16
14,101630.2970542573,forearm_cap_1_tilt_all_30,upperarm_cap_1_tilt_all_0,16
15,101464.7431514711,forearm_cap_2_tilt_all_10,upperarm_cap_1_tilt_all_-10,16
16,101406.2708433422,forearm_cap_1_tilt_all_10,upperarm_cap_2_tilt_all_-10,16
17,101384.7447684246,forearm_cap_1_tilt_all_10,upperarm_cap_2_tilt_all_-15,16
18,100893.7659673921,forearm_cap_1_tilt_all_10,upperarm_ring_tilt_all_60,16
19,100846.0514862972,forearm_cap_2_tilt_all_30,upperarm_cap_1_tilt_all_0,16
20,100700.2847084607,forearm_cap_2_tilt_all_15,upperarm_cap_2_tilt_all_-10,16
21,100683.8790438803,forearm_cap_2_tilt_all_10,upperarm_cap_1_tilt_all_0,16
22,100547.7401157222,forearm_cap_2_tilt_all_15,upperarm_cap_1_tilt_all_-15,16
23,100265.9474717787,forearm_cap_2_tilt_all_10,upperarm_cap_1_tilt_all_-15,16
24,99833.9710568403,forearm_cap_1_tilt_all_0,upperarm_cap_1_tilt_all_-10,16
25,99769.3524831208,forearm_cap_1_tilt_all_15,upperarm_cap_2_tilt_all_0,16
26,99630.7427456887,forearm_cap_2_tilt_all_10,upperarm_cap_2_tilt_all_-10,16
27,99597.4885022803,forearm_cap_1_tilt_all_0,upperarm_cap_1_tilt_all_-15,16
28,99359.2301218512,forearm_cap_1_tilt_all_30,upperarm_cap_1_tilt_all_-10,16
29,99245.1515090645,forearm_cap_2_tilt_all_15,upperarm_cap_2_tilt_all_-15,16
30,99183.7153531030,forearm_cap_1_tilt_all_10,upperarm_ring_tilt_all_45,16
31,98996.4214055086,base_cap_tilt_all_-30,upperarm_cap_2_tilt_all_0,16
32,98992.6019537511,base_cap_tilt_all_-45,upperarm_cap_2_tilt_all_0,16
33,98931.4491770358,forearm_cap_2_tilt_all_10,upperarm_cap_2_tilt_all_-15,16
34,98832.5503418890,forearm_cap_1_tilt_all_30,upperarm_cap_2_tilt_all_0,16
35,98644.3708877606,forearm_cap_2_tilt_all_30,upperarm_cap_1_tilt_all_-10,16
36,98618.5517956534,forearm_cap_2_tilt_all_15,upperarm_cap_2_tilt_all_0,16
37,98411.5947526027,forearm_cap_1_tilt_all_15,upperarm_ring_tilt_all_60,16
38,98222.3854393756,forearm_cap_2_tilt_all_30,upperarm_cap_2_tilt_all_0,16
39,98078.5346234778,forearm_cap_1_tilt_all_10,upperarm_cap_2_tilt_all_0,16
40,97940.9555233346,base_cap_tilt_all_-30,forearm_cap_1_tilt_all_0,16
41,97766.3997920972,forearm_cap_1_tilt_all_0,upperarm_cap_1_tilt_all_0,16
42,97765.4812616807,base_cap_tilt_all_-45,forearm_cap_1_tilt_all_0,16
43,97659.0452412093,upperarm_cap_2_tilt_all_0,upperarm_ring_tilt_all_60,16
44,97100.0322852982,forearm_cap_2_tilt_all_0,upperarm_ring_tilt_all_60,16
45,96723.6089364681,forearm_cap_2_tilt_all_10,upperarm_cap_2_tilt_all_0,16
46,96613.2396469919,upperarm_cap_2_tilt_all_-10,upperarm_ring_tilt_all_45,16
47,96599.3510337678,upperarm_ring_tilt_all_60,upperarm_ring_x_-0.21,16
48,96594.8411463047,forearm_cap_1_tilt_all_30,upperarm_cap_2_tilt_all_-10,16
49,96515.9501160866,upperarm_ring_tilt_all_10,upperarm_ring_tilt_all_60,16
50,96498.0364097897,forearm_cap_2_tilt_all_0,upperarm_cap_1_tilt_all_-10,16
51,96467.5537046685,base_cap_tilt_all_-30,upperarm_cap_2_tilt_all_-10,16
52,96324.4596876597,upperarm_ring_tilt_all_60,upperarm_ring_x_-0.16,16
53,96297.0872350239,forearm_cap_1_tilt_all_0,upperarm_cap_2_tilt_all_-15,16
54,96232.7362562380,forearm_cap_2_tilt_all_30,upperarm_cap_2_tilt_all_-10,16
55,96229.4143890114,forearm_cap_2_tilt_all_0,upperarm_cap_1_tilt_all_0,16
56,96138.9991604579,forearm_cap_2_tilt_all_0,upperarm_cap_1_tilt_all_-15,16
57,95983.6742537682,forearm_cap_1_tilt_all_15,upperarm_ring_tilt_all_45,16
58,95745.9376236448,base_cap_tilt_all_-45,upperarm_cap_2_tilt_all_-10,16
59,95587.9482569708,upperarm_ring_tilt_all_15,upperarm_ring_tilt_all_60,16
60,95586.8994369050,upperarm_ring_tilt_all_60,upperarm_ring_x_-0.26,16
61,95571.6256282646,forearm_cap_1_tilt_all_0,upperarm_cap_2_tilt_all_-10,16
62,95562.8859103071,base_cap_tilt_all_-30,forearm_cap_1_tilt_all_10,16
63,95436.4326498141,forearm_cap_2_tilt_all_0,upperarm_ring_tilt_all_45,16
64,95379.3623515915,forearm_cap_2_tilt_all_10,upperarm_ring_tilt_all_60,16
65,95373.9019643341,base_cap_tilt_all_-45,forearm_cap_1_tilt_all_10,16
66,95110.7902597140,base_cap_tilt_all_-30,upperarm_cap_1_tilt_all_0,16
67,94686.8914325435,forearm_cap_1_tilt_all_30,upperarm_cap_1_tilt_all_-15,16
68,94655.2809671786,forearm_cap_2_tilt_all_0,upperarm_cap_2_tilt_all_-15,16
69,94650.0917393159,upperarm_cap_1_tilt_all_0,upperarm_ring_tilt_all_45,16
70,94464.6865459408,base_cap_tilt_all_-30,forearm_cap_2_tilt_all_0,16
71,94370.6939431477,forearm_cap_2_tilt_all_0,upperarm_cap_2_tilt_all_-10,16
72,94234.0081850507,forearm_cap_1_tilt_all_10,upperarm_cap_2_tilt_all_-30,16
73,94211.9475287795,upperarm_ring_tilt_all_0,upperarm_ring_tilt_all_60,16
74,94211.9475287795,upperarm_ring_tilt_all_60,upperarm_ring_x_-0.11,16
75,94120.1751529870,base_cap_tilt_all_-30,upperarm_cap_2_tilt_all_-15,16
76,94062.1911057600,forearm_cap_2_tilt_all_30,upperarm_cap_1_tilt_all_-15,16
77,94051.0310175506,forearm_cap_2_tilt_all_15,upperarm_ring_tilt_all_60,16
78,94025.2292269799,upperarm_ring_tilt_all_60,upperarm_ring_x_-0.31,16
79,93969.0531662074,base_cap_tilt_all_-45,upperarm_cap_1_tilt_all_0,16
80,93781.0997148221,base_cap_tilt_all_-30,upperarm_ring_tilt_all_60,16
81,93763.3339062302,base_cap_tilt_all_-30,upperarm_cap_1_tilt_all_-10,16
82,93648.5889510410,base_cap_tilt_all_-60,upperarm_cap_2_tilt_all_0,16
83,93328.4223763966,base_cap_tilt_all_-15,upperarm_cap_2_tilt_all_0,16
84,93296.6861404453,upperarm_cap_2_tilt_all_-15,upperarm_ring_tilt_all_45,16
85,93223.6865961390,base_cap_tilt_all_-45,upperarm_cap_2_tilt_all_-15,16
86,93210.5384670687,upperarm_cap_2_tilt_all_-10,upperarm_ring_tilt_all_60,16
87,93197.5909886606,base_cap_tilt_all_-45,forearm_cap_2_tilt_all_0,16
88,93002.7778967763,forearm_cap_1_tilt_all_0,upperarm_cap_2_tilt_all_-30,16
89,92812.3750256918,base_cap_tilt_all_-30,forearm_cap_1_tilt_all_15,16
90,92796.1453902372,forearm_cap_1_tilt_all_30,upperarm_cap_2_tilt_all_-15,16
91,92722.5962747506,base_cap_tilt_all_-60,forearm_cap_1_tilt_all_0,16
92,92664.8087932383,forearm_cap_2_tilt_all_10,upperarm_ring_tilt_all_45,16
93,92571.1749214247,base_cap_tilt_all_-45,upperarm_cap_1_tilt_all_-10,16
94,92498.9323444179,base_cap_tilt_all_-45,forearm_cap_1_tilt_all_15,16
95,92493.4860307225,base_cap_tilt_all_-15,upperarm_cap_1_tilt_all_0,16
96,92310.8100422068,base_cap_tilt_all_-15,upperarm_ring_tilt_all_60,16
97,92296.0329690023,forearm_cap_2_tilt_all_30,upperarm_cap_2_tilt_all_-15,16
98,92265.6652545123,base_cap_tilt_all_-15,forearm_cap_1_tilt_all_0,16
99,92186.7200013855,upperarm_ring_tilt_all_60,upperarm_ring_x_-0.36,16
100,92115.0567315390,base_cap_tilt_all_-10,upperarm_cap_2_tilt_all_0,16
101,92003.5645167922,base_cap_tilt_all_-30,upperarm_cap_1_tilt_all_-15,16
102,91898.5003439586,base_cap_tilt_all_-30,forearm_cap_2_tilt_all_10,16
103,91863.4243682231,upperarm_cap_1_tilt_all_-10,upperarm_ring_tilt_all_45,16
104,91429.1315751604,base_cap_tilt_all_-10,upperarm_cap_1_tilt_all_0,16
105,91387.5370607525,forearm_cap_2_tilt_all_45,upperarm_cap_1_tilt_all_0,16
106,91352.3674588864,forearm_cap_1_tilt_all_0,upperarm_cap_2_tilt_all_0,16
107,91346.2293453552,base_cap_tilt_all_-30,flange_ring_tilt_all_0,16
108,91231.3739258695,base_cap_tilt_all_-10,upperarm_ring_tilt_all_60,16
109,91164.4876729842,forearm_cap_1_tilt_all_15,upperarm_cap_2_tilt_all_-30,16
110,91107.2370778937,upperarm_cap_2_tilt_all_0,upperarm_ring_tilt_all_30,16
111,91086.3850750220,forearm_cap_2_tilt_all_0,upperarm_cap_2_tilt_all_0,16
112,91035.5454816599,upperarm_cap_1_tilt_all_0,upperarm_ring_tilt_all_30,16
113,91032.8274037353,forearm_cap_1_tilt_all_0,upperarm_ring_tilt_all_30,16
114,90862.5380449941,forearm_cap_2_tilt_all_15,upperarm_ring_tilt_all_45,16
115,90814.9420620925,base_cap_tilt_all_-10,upperarm_ring_tilt_all_45,16
116,90811.4471392145,base_cap_tilt_all_-15,upperarm_ring_tilt_all_45,16
117,90716.4179427434,base_cap_tilt_all_-30,wrist_cap_2_tilt_all_0,16
118,90641.3383485912,forearm_cap_1_tilt_all_45,upperarm_cap_1_tilt_all_0,16
119,90620.1485053487,base_cap_tilt_all_-15,upperarm_cap_2_tilt_all_-10,16
120,90616.0755615003,base_cap_tilt_all_-45,upperarm_cap_1_tilt_all_-15,16
121,90508.9559284801,base_cap_tilt_all_-45,forearm_cap_2_tilt_all_10,16
122,90480.8814402086,base_cap_tilt_all_-30,wrist_cap_2_tilt_all_10,16
123,90417.5871275204,upperarm_cap_2_tilt_all_-15,upperarm_ring_tilt_all_60,16
124,90416.7797942759,base_cap_tilt_all_-60,forearm_cap_1_tilt_all_10,16
125,90406.5744350930,base_cap_tilt_all_0,upperarm_ring_tilt_all_45,16
126,90376.5967807035,upperarm_ring_tilt_all_60,upperarm_ring_x_-0.41,16
127,90352.2217950269,base_cap_tilt_all_-10,forearm_cap_1_tilt_all_0,16
128,90134.4248221110,base_cap_tilt_all_-60,upperarm_cap_2_tilt_all_-10,16
129,90131.1404763497,base_cap_tilt_all_-30,forearm_cap_2_tilt_all_15,16
130,90127.8275902691,base_cap_tilt_all_-30,wrist_cap_2_tilt_all_15,16
131,90102.0929014117,base_cap_tilt_all_-15,upperarm_cap_1_tilt_all_-10,16
132,90020.4267339859,upperarm_cap_1_tilt_all_0,upperarm_ring_tilt_all_60,16
133,89977.1305981845,base_cap_tilt_all_-45,upperarm_ring_tilt_all_60,16
134,89947.7588226579,base_cap_tilt_all_-30,flange_ring_tilt_all_-10,16
135,89931.2908069377,base_cap_tilt_all_-45,flange_ring_tilt_all_0,16
136,89827.4248890642,forearm_cap_1_tilt_all_10,upperarm_cap_1_tilt_all_-30,16
137,89781.1264495528,forearm_cap_1_tilt_all_0,upperarm_cap_1_tilt_all_-30,16
138,89743.1210386810,forearm_cap_1_tilt_all_0,wrist_cap_1_tilt_all_-30,16
139,89734.6893639394,upperarm_ring_tilt_all_30,upperarm_ring_tilt_all_60,16
140,89648.1521363521,upperarm_cap_1_tilt_all_0,wrist_cap_2_tilt_all_30,16
141,89616.5883802073,base_cap_tilt_all_-60,upperarm_cap_1_tilt_all_0,16
142,89579.8531943242,base_cap_tilt_all_0,upperarm_cap_2_tilt_all_0,16
143,89559.7254071549,base_cap_tilt_all_-30,upperarm_ring_tilt_all_45,16
144,89452.2405568324,base_cap_tilt_all_-10,upperarm_cap_2_tilt_all_-10,16
145,89420.6373040504,base_cap_tilt_all_-15,forearm_cap_1_tilt_all_10,16
146,89284.4772071955,base_cap_tilt_all_-45,base_cap_tilt_all_0,16
147,89227.1423350051,upperarm_ring_tilt_all_60,wrist_cap_2_tilt_all_15,16
148,89226.8070781148,base_cap_tilt_all_0,upperarm_cap_1_tilt_all_0,16
149,89209.5223719025,upperarm_ring_tilt_all_60,wrist_cap_2_tilt_all_10,16
150,89144.6566440809,base_cap_tilt_all_-30,wrist_cap_2_tilt_all_30,16
151,89088.8948700678,base_cap_tilt_all_-30,flange_ring_tilt_all_-15,16
152,89037.4306870152,forearm_cap_2_tilt_all_45,upperarm_cap_2_tilt_all_0,16
153,88970.6579887427,base_cap_tilt_all_-10,upperarm_cap_1_tilt_all_-10,16
154,88964.2967401735,upperarm_ring_tilt_all_60,wrist_cap_2_tilt_all_30,16
155,88933.4984932965,upperarm_cap_1_tilt_all_-15,upperarm_ring_tilt_all_45,16
156,88843.6403590465,base_cap_tilt_all_-45,wrist_cap_2_tilt_all_0,16
157,88740.4923637087,base_cap_tilt_all_-45,flange_ring_tilt_all_-10,16
158,88734.9953940301,upperarm_cap_1_tilt_all_0,wrist_cap_2_tilt_all_15,16
159,88723.1764091427,upperarm_ring_tilt_all_60,wrist_cap_2_tilt_all_0,16
160,88721.8366629293,base_cap_tilt_all_-45,forearm_cap_2_tilt_all_15,16
161,88674.0686108731,base_cap_tilt_all_-45,wrist_cap_2_tilt_all_10,16
162,88650.3129599266,forearm_cap_1_tilt_all_10,upperarm_ring_tilt_all_30,16
163,88594.3796929587,upperarm_ring_tilt_all_60,upperarm_ring_x_-0.46,16
164,88568.4242281979,forearm_cap_1_tilt_all_0,wrist_cap_1_tilt_all_-15,16
165,88527.8392214986,flange_ring_tilt_all_0,forearm_cap_1_tilt_all_0,16
166,88517.3763271482,flange_ring_tilt_all_-10,wrist_cap_2_tilt_all_30,16
167,88510.2674234130,upperarm_cap_2_tilt_all_0,wrist_cap_2_tilt_all_30,16
168,88487.1205163223,flange_ring_tilt_all_0,upperarm_ring_tilt_all_45,16
169,88460.9541256589,flange_ring_tilt_all_0,forearm_cap_1_tilt_all_10,16
170,88376.0211893393,base_cap_tilt_all_-45,wrist_cap_2_tilt_all_15,16
171,88335.7296727533,flange_ring_tilt_all_-10,forearm_cap_1_tilt_all_10,16
172,88313.2462733090,base_cap_tilt_all_-15,forearm_cap_2_tilt_all_0,16
173,88294.1566460302,flange_ring_tilt_all_0,upperarm_ring_tilt_all_60,16
174,88254.4606222606,forearm_cap_1_tilt_all_0,wrist_cap_1_tilt_all_-10,16
175,88196.5168376739,base_cap_tilt_all_-15,upperarm_cap_2_tilt_all_-15,16
176,88178.0940087353,base_cap_tilt_all_-30,wrist_cap_1_tilt_all_0,16
177,88152.5181110174,flange_ring_tilt_all_-10,forearm_cap_1_tilt_all_0,16
178,88111.3781916117,base_cap_tilt_all_-60,forearm_cap_2_tilt_all_0,16
179,88102.2449749345,forearm_cap_1_tilt_all_45,upperarm_cap_2_tilt_all_0,16
180,88001.8799540804,base_cap_tilt_all_-45,flange_ring_tilt_all_-15,16
181,87990.8647928764,upperarm_cap_1_tilt_all_0,wrist_cap_2_tilt_all_10,16
182,87968.1227816655,forearm_cap_1_tilt_all_30,upperarm_ring_tilt_all_60,16
183,87944.0385203341,forearm_cap_1_tilt_all_10,wrist_cap_1_tilt_all_-30,16
184,87904.7017966700,forearm_cap_2_tilt_all_30,upperarm_ring_tilt_all_60,16
185,87783.2902716178,flange_ring_tilt_all_-15,wrist_cap_2_tilt_all_30,16
186,87771.1549185283,forearm_cap_2_tilt_all_0,upperarm_cap_2_tilt_all_-30,16
187,87738.4896831359,base_cap_tilt_all_-15,upperarm_cap_1_tilt_all_-15,16
188,87698.8770566367,flange_ring_tilt_all_-10,upperarm_ring_tilt_all_45,16
189,87682.7501188943,base_cap_tilt_all_-60,upperarm_cap_1_tilt_all_-10,16
190,87583.6752156005,base_cap_tilt_all_0,upperarm_ring_tilt_all_60,16
191,87569.9465295858,upperarm_cap_2_tilt_all_0,wrist_cap_1_tilt_all_-30,16
192,87562.3937651834,flange_ring_tilt_all_-15,forearm_cap_1_tilt_all_10,16
193,87546.6195469489,flange_ring_tilt_all_-15,forearm_cap_1_tilt_all_0,16
194,87538.9128448112,base_cap_tilt_all_-45,wrist_cap_2_tilt_all_30,16
195,87517.1729893199,base_cap_tilt_all_-10,forearm_cap_1_tilt_all_10,16
196,87510.3044325852,base_cap_tilt_all_-30,wrist_cap_1_tilt_all_-10,16
197,87477.0341617742,base_cap_tilt_all_-60,upperarm_cap_2_tilt_all_-15,16
198,87476.4760252591,base_cap_tilt_all_-30,wrist_cap_1_tilt_all_-30,16
199,87455.4220350410,forearm_cap_1_tilt_all_0,wrist_cap_1_tilt_all_0,16
200,87451.9284089947,base_cap_tilt_all_-60,forearm_cap_1_tilt_all_15,16
201,87366.1000591675,forearm_cap_2_tilt_all_10,upperarm_cap_2_tilt_all_-30,16
202,87361.5171877780,upperarm_cap_1_tilt_all_-10,upperarm_ring_tilt_all_60,16
203,87317.5574760466,flange_ring_tilt_all_-15,upperarm_ring_tilt_all_45,16
204,87263.9125683063,base_cap_tilt_all_0,upperarm_cap_2_tilt_all_-10,16
205,87254.9798144155,flange_ring_tilt_all_0,wrist_cap_2_tilt_all_30,16
206,87215.1473687877,base_cap_tilt_all_-30,wrist_cap_1_tilt_all_-15,16
207,87115.5296603004,base_cap_tilt_all_-10,base_cap_tilt_all_-60,16
208,87034.8840398540,upperarm_cap_2_tilt_all_0,wrist_cap_2_tilt_all_15,16
209,87015.4164242267,forearm_cap_1_tilt_all_0,wrist_cap_1_tilt_all_-45,16
210,87000.6249217864,base_cap_tilt_all_-10,upperarm_cap_2_tilt_all_-15,16
211,86879.5857980269,flange_ring_tilt_all_0,forearm_cap_1_tilt_all_15,16
212,86859.0689664153,flange_ring_tilt_all_-10,upperarm_ring_tilt_all_60,16
213,86796.2254343459,base_cap_tilt_all_-10,base_cap_tilt_all_-45,16
214,86790.1736730832,base_cap_tilt_all_-45,wrist_cap_1_tilt_all_0,16
215,86776.7832237720,upperarm_ring_tilt_all_60,upperarm_ring_x_-0.51,16
216,86752.0734428523,upperarm_ring_tilt_all_45,wrist_cap_2_tilt_all_30,16
217,86736.8315184062,upperarm_cap_1_tilt_all_-10,upperarm_ring_tilt_all_30,16
218,86667.2076119977,base_cap_tilt_all_0,upperarm_cap_1_tilt_all_-10,16
219,86666.7226145828,upperarm_ring_tilt_all_45,wrist_cap_2_tilt_all_15,16
220,86654.4538053957,upperarm_ring_tilt_all_45,wrist_cap_2_tilt_all_10,16
221,86619.0606001191,base_cap_tilt_all_-10,forearm_cap_2_tilt_all_0,16
222,86601.8838857852,base_cap_tilt_all_-10,upperarm_cap_1_tilt_all_-15,16
223,86553.4283737966,base_cap_tilt_all_0,forearm_cap_1_tilt_all_0,16
224,86534.5045890889,flange_ring_tilt_all_-10,forearm_cap_1_tilt_all_15,16
225,86521.9215148231,forearm_cap_2_tilt_all_45,upperarm_cap_1_tilt_all_-10,16
226,86496.6273154793,upperarm_ring_tilt_all_45,wrist_cap_2_tilt_all_0,16
227,86469.8631767848,forearm_cap_1_tilt_all_10,wrist_cap_1_tilt_all_-15,16
228,86364.5861752478,base_cap_tilt_all_-15,forearm_cap_1_tilt_all_15,16
229,86267.8083133073,flange_ring_tilt_all_-15,upperarm_ring_tilt_all_60,16
230,86255.2391084803,forearm_cap_1_tilt_all_10,wrist_cap_1_tilt_all_-10,16
231,86167.7423064693,base_cap_tilt_all_-15,base_cap_tilt_all_-60,16
232,86158.0898951753,forearm_cap_1_tilt_all_15,upperarm_cap_1_tilt_all_-30,16
233,86145.5402224084,upperarm_cap_2_tilt_all_0,wrist_cap_2_tilt_all_10,16
234,86100.8238266617,base_cap_tilt_all_-60,base_cap_tilt_all_0,16
235,86088.6160032742,upperarm_cap_2_tilt_all_0,wrist_cap_1_tilt_all_-15,16
236,86083.3105210042,upperarm_cap_1_tilt_all_0,wrist_cap_2_tilt_all_0,16
237,85979.3996679486,base_cap_tilt_all_-45,wrist_cap_1_tilt_all_-10,16
238,85974.6259078503,base_cap_tilt_all_-30,flange_ring_tilt_all_-30,16
239,85944.6501594027,forearm_cap_1_tilt_all_10,wrist_cap_1_tilt_all_0,16
240,85907.2257289784,upperarm_ring_tilt_all_0,upperarm_ring_tilt_all_45,16
241,85907.2257289784,upperarm_ring_tilt_all_45,upperarm_ring_x_-0.11,16
242,85868.5536769689,upperarm_ring_tilt_all_45,upperarm_ring_x_-0.16,16
243,85845.8169866314,forearm_cap_2_tilt_all_0,upperarm_ring_tilt_all_30,16
244,85807.5614125029,upperarm_cap_1_tilt_all_-10,wrist_cap_2_tilt_all_30,16
245,85729.7564414051,upperarm_cap_1_tilt_all_0,wrist_cap_1_tilt_all_-30,16
246,85675.4757293983,base_cap_tilt_all_-30,wrist_cap_2_tilt_all_45,16
247,85671.2370434285,flange_ring_tilt_all_-15,forearm_cap_1_tilt_all_15,16
248,85619.4431871962,base_cap_tilt_all_-45,wrist_cap_1_tilt_all_-30,16
249,85605.5774522716,base_cap_tilt_all_-45,wrist_cap_1_tilt_all_-15,16
250,85568.6839597126,base_cap_tilt_all_-30,upperarm_cap_2_tilt_all_-30,16
251,85550.5900297493,base_cap_tilt_all_-30,wrist_cap_1_tilt_all_-45,16
252,85549.3013048028,forearm_cap_1_tilt_all_15,upperarm_ring_tilt_all_30,16
253,85518.8524845416,base_cap_tilt_all_0,upperarm_ring_tilt_all_30,16
254,85509.6152737177,upperarm_cap_2_tilt_all_-10,upperarm_ring_tilt_all_30,16
255,85487.6289663586,base_cap_tilt_all_-60,forearm_cap_2_tilt_all_10,16
256,85474.8865052483,upperarm_cap_2_tilt_all_0,wrist_cap_1_tilt_all_-10,16
257,85459.4750699554,base_cap_tilt_all_-15,forearm_cap_2_tilt_all_10,16
258,85442.4111181086,upperarm_cap_1_tilt_all_0,wrist_cap_2_tilt_all_45,16
259,85415.2647887021,forearm_cap_2_tilt_all_15,upperarm_cap_2_tilt_all_-30,16
260,85399.6518371824,forearm_cap_1_tilt_all_10,wrist_cap_1_tilt_all_-45,16
261,85390.5355906123,upperarm_cap_1_tilt_all_-15,upperarm_ring_tilt_all_60,16
262,85349.9368713885,forearm_cap_1_tilt_all_0,wrist_cap_2_tilt_all_0,16
263,85308.2646506014,flange_ring_tilt_all_-30,upperarm_ring_tilt_all_45,16
264,85248.3911407907,base_cap_tilt_all_-60,upperarm_cap_1_tilt_all_-15,16
265,85176.1676684827,upperarm_cap_2_tilt_all_-10,wrist_cap_2_tilt_all_30,16
266,85170.3411130081,upperarm_ring_tilt_all_45,wrist_cap_1_tilt_all_0,16
267,85099.5957688753,base_cap_tilt_all_-45,flange_ring_tilt_all_-30,16
268,85027.2148287342,base_cap_tilt_all_-30,forearm_cap_1_tilt_all_30,16
269,85009.7729528777,upperarm_cap_1_tilt_all_0,wrist_cap_1_tilt_all_-15,16
270,84983.3705489178,upperarm_ring_tilt_all_60,wrist_cap_2_tilt_all_45,16
271,84915.5948428974,upperarm_ring_tilt_all_60,wrist_cap_1_tilt_all_0,16
272,84896.9676439993,base_cap_tilt_all_-15,base_cap_tilt_all_-45,16
273,84848.6671718847,base_cap_tilt_all_-30,forearm_cap_2_tilt_all_30,16
274,84819.4206770151,forearm_cap_1_tilt_all_15,wrist_cap_1_tilt_all_-30,16
275,84814.1928323717,upperarm_ring_tilt_all_45,upperarm_ring_x_-0.21,16
276,84809.2324160106,base_cap_tilt_all_0,upperarm_cap_2_tilt_all_-15,16
277,84772.0837703272,upperarm_cap_1_tilt_all_0,upperarm_ring_tilt_all_15,16
278,84742.1939334545,forearm_cap_1_tilt_all_0,wrist_cap_2_tilt_all_10,16
279,84731.1504783414,flange_ring_tilt_all_0,upperarm_cap_1_tilt_all_0,16
280,84665.9787571010,base_cap_tilt_all_-15,flange_ring_tilt_all_0,16
281,84665.7627738400,upperarm_cap_1_tilt_all_0,wrist_cap_1_tilt_all_-10,16
282,84654.2060300160,flange_ring_tilt_all_-15,wrist_cap_2_tilt_all_15,16
283,84478.6169544615,base_cap_tilt_all_-10,upperarm_ring_tilt_all_30,16
284,84472.3938483287,forearm_cap_1_tilt_all_0,wrist_cap_2_tilt_all_15,16
285,84466.6230745093,base_cap_tilt_all_-10,forearm_cap_1_tilt_all_15,16
286,84466.0338726014,flange_ring_tilt_all_-30,upperarm_ring_tilt_all_60,16
287,84349.9557231188,upperarm_cap_1_tilt_all_-10,wrist_cap_2_tilt_all_15,16
288,84291.4127247788,base_cap_tilt_all_-45,upperarm_ring_tilt_all_45,16
289,84281.4077937724,upperarm_ring_tilt_all_45,wrist_cap_1_tilt_all_-10,16
290,84262.0775616134,forearm_cap_1_tilt_all_45,upperarm_cap_1_tilt_all_-10,16
291,84242.3305539231,upperarm_cap_1_tilt_all_0,upperarm_ring_x_-0.46,16
292,84203.6357576822,base_cap_tilt_all_0,upperarm_cap_1_tilt_all_-15,16
293,84174.3670237460,upperarm_ring_tilt_all_60,wrist_cap_1_tilt_all_-10,16
294,84174.2205241183,forearm_cap_1_tilt_all_30,upperarm_ring_tilt_all_45,16
295,84155.9449002226,base_cap_tilt_all_-45,upperarm_cap_2_tilt_all_-30,16
296,84139.3758086591,upperarm_cap_2_tilt_all_0,wrist_cap_1_tilt_all_-45,16
297,84091.5990900096,base_cap_tilt_all_-15,wrist_cap_2_tilt_all_10,16
298,84076.0019178922,upperarm_cap_2_tilt_all_0,wrist_cap_2_tilt_all_0,16
299,84041.0684584226,base_cap_tilt_all_-45,wrist_cap_2_tilt_all_45,16
300,84037.0987978418,upperarm_cap_2_tilt_all_0,wrist_cap_2_tilt_all_45,16
301,84030.3502409712,flange_ring_tilt_all_-10,forearm_cap_2_tilt_all_10,16
302,84021.4862194488,base_cap_tilt_all_-15,wrist_cap_2_tilt_all_15,16
303,84014.4480173191,upperarm_cap_1_tilt_all_0,upperarm_ring_x_-0.41,16
304,83924.8834791764,base_cap_tilt_all_-60,flange_ring_tilt_all_0,16
305,83914.8352868960,upperarm_ring_tilt_all_45,wrist_cap_1_tilt_all_-15,16
306,83895.0479910890,forearm_cap_1_tilt_all_0,wrist_cap_2_tilt_all_30,16
307,83842.6674601557,base_cap_tilt_all_-45,forearm_cap_1_tilt_all_30,16
308,83823.8933764078,flange_ring_tilt_all_0,wrist_cap_2_tilt_all_45,16
309,83823.2238741802,upperarm_ring_tilt_all_45,wrist_cap_1_tilt_all_-30,16
310,83815.2310239639,flange_ring_tilt_all_-10,wrist_cap_2_tilt_all_15,16
311,83791.7852194797,upperarm_ring_tilt_all_10,upperarm_ring_tilt_all_45,16
312,83766.8471513988,flange_ring_tilt_all_0,forearm_cap_2_tilt_all_10,16
313,83758.8086021982,base_cap_tilt_all_-60,forearm_cap_2_tilt_all_15,16
314,83741.6661011984,forearm_cap_2_tilt_all_30,upperarm_ring_tilt_all_45,16
315,83733.9303748101,upperarm_ring_tilt_all_60,wrist_cap_1_tilt_all_-15,16
316,83713.2272378883,base_cap_tilt_all_-10,forearm_cap_2_tilt_all_10,16
317,83708.8522084430,base_cap_tilt_all_-15,forearm_cap_2_tilt_all_15,16
318,83682.5328255871,base_cap_tilt_all_-15,upperarm_ring_tilt_all_30,16
319,83655.3410038548,base_cap_tilt_all_-15,wrist_cap_2_tilt_all_0,16
320,83652.6629098297,base_cap_tilt_all_0,forearm_cap_1_tilt_all_10,16
321,83627.9219040985,upperarm_cap_2_tilt_all_0,wrist_cap_1_tilt_all_0,16
322,83616.3124426886,flange_ring_tilt_all_-10,forearm_cap_2_tilt_all_0,16
323,83595.6973310532,forearm_cap_2_tilt_all_45,upperarm_cap_2_tilt_all_-10,16
324,83573.9512779795,upperarm_cap_2_tilt_all_0,upperarm_ring_x_-0.46,16
325,83571.9954819691,upperarm_ring_tilt_all_45,wrist_cap_2_tilt_all_45,16
326,83547.7946169046,forearm_cap_1_tilt_all_0,upperarm_ring_x_-0.51,16
327,83532.1207172193,base_cap_tilt_all_-45,wrist_cap_1_tilt_all_-45,16
328,83527.9026726782,forearm_cap_1_tilt_all_0,forearm_ring_x_-0.40,16
329,83518.4941212595,forearm_cap_1_tilt_all_0,forearm_ring_x_-0.35,16
330,83515.9021526198,upperarm_cap_2_tilt_all_-10,wrist_cap_2_tilt_all_15,16
331,83498.9893015521,upperarm_cap_1_tilt_all_0,upperarm_ring_x_-0.36,16
332,83468.9416515567,base_cap_tilt_all_-45,forearm_cap_2_tilt_all_30,16
333,83455.3456813978,flange_ring_tilt_all_-15,forearm_cap_2_tilt_all_10,16
334,83443.3540265140,forearm_cap_1_tilt_all_10,wrist_cap_2_tilt_all_0,16
335,83429.9818821739,upperarm_cap_1_tilt_all_0,wrist_cap_1_tilt_all_0,16
336,83413.3775541402,forearm_cap_2_tilt_all_0,upperarm_cap_1_tilt_all_-30,16
337,83340.1271159569,flange_ring_tilt_all_-15,forearm_cap_2_tilt_all_0,16
338,83304.3644026160,forearm_cap_1_tilt_all_0,forearm_ring_x_-0.30,16
339,83292.3068766111,forearm_cap_1_tilt_all_15,wrist_cap_1_tilt_all_-15,16
340,83286.0184905694,upperarm_cap_1_tilt_all_-10,wrist_cap_2_tilt_all_10,16
341,83254.9967829041,flange_ring_tilt_all_0,forearm_cap_2_tilt_all_15,16
342,83252.8808692469,base_cap_tilt_all_-15,wrist_cap_2_tilt_all_30,16
343,83212.4434483895,base_cap_tilt_all_-15,flange_ring_tilt_all_-10,16
344,83187.0255833596,forearm_cap_1_tilt_all_0,upperarm_ring_x_-0.46,16
345,83172.4428717806,flange_ring_tilt_all_-10,forearm_cap_2_tilt_all_15,16
346,83168.3941303207,forearm_cap_1_tilt_all_0,forearm_ring_x_-0.45,16
347,83152.6250575154,forearm_cap_1_tilt_all_15,wrist_cap_1_tilt_all_0,16
348,83145.8118830547,upperarm_ring_tilt_all_45,upperarm_ring_x_-0.26,16
349,83144.9913390211,forearm_cap_1_tilt_all_15,wrist_cap_1_tilt_all_-10,16
350,83141.8116997873,upperarm_cap_1_tilt_all_0,upperarm_ring_x_-0.51,16
351,83084.6947933353,flange_ring_tilt_all_0,upperarm_cap_2_tilt_all_0,16
352,83079.4175187364,flange_ring_tilt_all_-30,forearm_cap_1_tilt_all_0,16
353,83019.2782598980,base_cap_tilt_all_-60,wrist_cap_2_tilt_all_10,16
354,83017.2998434734,upperarm_ring_tilt_all_60,wrist_cap_1_tilt_all_-30,16
355,83016.7722712334,base_cap_tilt_all_0,forearm_cap_2_tilt_all_0,16
356,82994.9672125860,base_cap_tilt_all_-10,flange_ring_tilt_all_0,16
357,82988.6118640577,base_cap_tilt_all_-60,wrist_cap_2_tilt_all_0,16
358,82944.6246055162,flange_ring_tilt_all_0,forearm_cap_2_tilt_all_0,16
359,82933.2419746523,base_cap_tilt_all_-30,forearm_ring_x_-0.45,16
360,82918.7069608782,upperarm_cap_1_tilt_all_0,upperarm_ring_x_-0.31,16
361,82907.9777597888,flange_ring_tilt_all_-10,upperarm_cap_1_tilt_all_0,16
362,82854.2800129355,forearm_cap_1_tilt_all_0,forearm_ring_x_-0.25,16
363,82839.4129839584,upperarm_cap_2_tilt_all_0,upperarm_ring_x_-0.41,16
364,82820.8030198053,upperarm_cap_2_tilt_all_0,upperarm_ring_x_-0.51,16
365,82816.8719371910,base_cap_tilt_all_-30,wrist_cap_1_tilt_all_-60,16
366,82809.9586867348,forearm_cap_1_tilt_all_0,wrist_cap_1_tilt_all_-60,16
367,82802.7797860006,base_cap_tilt_all_-60,wrist_cap_2_tilt_all_15,16
368,82785.0420991656,forearm_cap_2_tilt_all_10,upperarm_ring_tilt_all_30,16
369,82776.0386981908,base_cap_tilt_all_-60,upperarm_ring_tilt_all_60,16
370,82720.4317535509,base_cap_tilt_all_-15,wrist_cap_1_tilt_all_-30,16
371,82644.1580128497,flange_ring_tilt_all_-30,forearm_cap_1_tilt_all_10,16
372,82633.9723027293,forearm_cap_1_tilt_all_0,upperarm_ring_x_-0.41,16
373,82610.4222572504,base_cap_tilt_all_-30,forearm_ring_x_-0.40,16
374,82552.4704604978,upperarm_cap_1_tilt_all_0,wrist_cap_1_tilt_all_-45,16
375,82549.2972948623,base_cap_tilt_all_-60,upperarm_ring_tilt_all_45,16
376,82540.3958548187,upperarm_cap_1_tilt_all_-15,upperarm_ring_tilt_all_30,16
377,82475.0921615949,upperarm_cap_1_tilt_all_-15,wrist_cap_2_tilt_all_30,16
378,82409.4432831073,flange_ring_tilt_all_-15,wrist_cap_2_tilt_all_10,16
379,82400.6719987711,base_cap_tilt_all_-30,upperarm_cap_1_tilt_all_-30,16
380,82391.7573102679,base_cap_tilt_all_-30,forearm_ring_x_-0.50,16
381,82389.9629394132,flange_ring_tilt_all_-15,forearm_cap_2_tilt_all_15,16
382,82381.9332558179,base_cap_tilt_all_-60,flange_ring_tilt_all_-10,16
383,82339.2976342591,upperarm_ring_tilt_all_15,upperarm_ring_tilt_all_45,16
384,82325.7818117880,base_cap_tilt_all_-30,base_cap_tilt_all_0,16
385,82320.0335230202,upperarm_cap_1_tilt_all_0,upperarm_ring_tilt_all_10,16
386,82298.0135728824,base_cap_tilt_all_-15,flange_ring_tilt_all_-15,16
387,82278.9754222068,forearm_cap_2_tilt_all_10,upperarm_cap_1_tilt_all_-30,16
388,82264.1916552370,upperarm_cap_2_tilt_all_-10,wrist_cap_2_tilt_all_10,16
389,82258.1609792579,forearm_cap_1_tilt_all_10,wrist_cap_2_tilt_all_10,16
390,82243.1467955978,forearm_cap_1_tilt_all_15,wrist_cap_1_tilt_all_-45,16
391,82194.7734995568,base_cap_tilt_all_-10,wrist_cap_2_tilt_all_10,16
392,82189.6374822982,base_cap_tilt_all_-10,wrist_cap_2_tilt_all_15,16
393,82182.3238758772,upperarm_cap_2_tilt_all_-15,wrist_cap_2_tilt_all_30,16
394,82173.2636256810,forearm_cap_1_tilt_all_0,upperarm_ring_tilt_all_15,16
395,82159.2459937249,upperarm_cap_2_tilt_all_-15,upperarm_ring_tilt_all_30,16
396,82157.9464048140,forearm_cap_1_tilt_all_0,forearm_ring_x_-0.20,16
397,82091.5229543274,base_cap_tilt_all_-30,forearm_ring_x_-0.35,16
398,82085.7489408993,upperarm_cap_1_tilt_all_0,upperarm_ring_x_-0.26,16
399,81996.1732546750,flange_ring_tilt_all_-15,upperarm_cap_1_tilt_all_0,16
400,81990.1698778179,base_cap_tilt_all_-60,wrist_cap_2_tilt_all_30,16
401,81944.8140338873,base_cap_tilt_all_-10,forearm_cap_2_tilt_all_15,16
402,81834.3732725890,base_cap_tilt_all_-30,flange_ring_tilt_all_-45,16
403,81829.3464893409,forearm_cap_1_tilt_all_0,upperarm_ring_x_-0.36,16
404,81810.7600237696,flange_ring_tilt_all_-10,wrist_cap_2_tilt_all_45,16
405,81799.1189346231,upperarm_cap_2_tilt_all_-30,upperarm_ring_tilt_all_45,16
406,81798.4733486009,base_cap_tilt_all_-30,upperarm_ring_tilt_all_30,16
407,81772.2633589449,base_cap_tilt_all_-45,forearm_ring_x_-0.45,16
408,81733.5402718910,base_cap_tilt_all_-30,forearm_ring_x_-0.30,16
409,81689.4629368274,forearm_cap_1_tilt_all_10,wrist_cap_2_tilt_all_15,16
410,81677.1609529533,upperarm_cap_2_tilt_all_-10,wrist_cap_1_tilt_all_-30,16
411,81675.7263469665,base_cap_tilt_all_-10,wrist_cap_2_tilt_all_0,16
412,81648.9358260135,flange_ring_tilt_all_-30,wrist_cap_2_tilt_all_15,16
413,81636.1207453077,base_cap_tilt_all_-10,wrist_cap_1_tilt_all_-30,16
414,81624.6640671478,upperarm_cap_2_tilt_all_0,upperarm_ring_x_-0.36,16
415,81618.1436548122,upperarm_ring_tilt_all_45,wrist_cap_1_tilt_all_-45,16
416,81579.9002899848,base_cap_tilt_all_-45,forearm_ring_x_-0.50,16
417,81577.2781898544,base_cap_tilt_all_-10,flange_ring_tilt_all_-10,16
418,81564.8026111249,base_cap_tilt_all_-30,wrist_cap_2_tilt_all_60,16
419,81537.2960784653,base_cap_tilt_all_-10,wrist_cap_2_tilt_all_30,16
420,81509.9980215669,base_cap_tilt_all_-30,forearm_ring_x_-0.25,16
421,81509.6919435666,base_cap_tilt_all_-60,flange_ring_tilt_all_-15,16
422,81468.7344363423,upperarm_cap_2_tilt_all_0,upperarm_ring_tilt_all_15,16
423,81436.7532955964,upperarm_ring_tilt_all_45,upperarm_ring_x_-0.31,16
424,81390.1814617264,base_cap_tilt_all_-30,forearm_ring_x_-0.20,16
425,81364.2205578783,forearm_cap_1_tilt_all_0,forearm_ring_x_-0.50,16
426,81317.2786541241,forearm_cap_1_tilt_all_15,wrist_cap_2_tilt_all_0,16
427,81303.1997248028,forearm_cap_1_tilt_all_10,upperarm_ring_x_-0.51,16
428,81272.0188735265,flange_ring_tilt_all_-10,wrist_cap_2_tilt_all_10,16
429,81260.0643600182,flange_ring_tilt_all_-30,wrist_cap_2_tilt_all_30,16
430,81238.1169006790,forearm_cap_2_tilt_all_0,wrist_cap_1_tilt_all_0,16
431,81230.5108689638,forearm_cap_1_tilt_all_0,forearm_ring_x_-0.15,16
432,81207.3909035333,upperarm_cap_1_tilt_all_-15,wrist_cap_2_tilt_all_15,16
433,81204.4400353889,base_cap_tilt_all_-30,forearm_ring_x_-0.15,16
434,81198.8342854639,forearm_cap_1_tilt_all_10,wrist_cap_1_tilt_all_-60,16
435,81192.6707982630,upperarm_cap_1_tilt_all_0,upperarm_ring_x_-0.21,16
436,81192.1642014187,forearm_cap_1_tilt_all_45,upperarm_cap_2_tilt_all_-10,16
437,81120.1517191304,base_cap_tilt_all_-45,forearm_ring_x_-0.40,16
438,81111.8499242862,base_cap_tilt_all_-45,upperarm_ring_x_-0.16,16
439,81102.6690320522,flange_ring_tilt_all_-45,upperarm_ring_tilt_all_45,16
440,81063.7680034982,forearm_ring_x_-0.50,upperarm_ring_tilt_all_60,16
441,81054.6231210215,forearm_ring_x_-0.45,upperarm_ring_tilt_all_60,16
442,81051.0507671786,forearm_cap_2_tilt_all_0,wrist_cap_1_tilt_all_-10,16
443,81041.9808239117,base_cap_tilt_all_-15,wrist_cap_1_tilt_all_-15,16
444,81032.4736394466,forearm_cap_1_tilt_all_0,upperarm_cap_2_tilt_all_-45,16
445,80998.7520269629,base_cap_tilt_all_-45,upperarm_cap_1_tilt_all_-30,16
446,80987.7783625910,upperarm_cap_2_tilt_all_-15,wrist_cap_2_tilt_all_15,16
447,80980.6850256847,forearm_cap_2_tilt_all_60,upperarm_cap_1_tilt_all_0,16
448,80972.9873203258,forearm_cap_1_tilt_all_0,upperarm_ring_x_-0.31,16
449,80969.6488934924,forearm_cap_1_tilt_all_10,upperarm_ring_x_-0.46,16
450,80968.2895454218,forearm_cap_1_tilt_all_10,forearm_ring_x_-0.40,16
451,80956.9886980459,flange_ring_tilt_all_-45,upperarm_ring_tilt_all_60,16
452,80917.8134292364,base_cap_tilt_all_-45,upperarm_ring_x_-0.21,16
453,80905.9589357775,forearm_cap_1_tilt_all_10,forearm_ring_x_-0.35,16
454,80905.5103076475,base_cap_tilt_all_-60,wrist_cap_1_tilt_all_0,16
455,80896.1577820103,upperarm_cap_1_tilt_all_-10,wrist_cap_2_tilt_all_45,16
456,80892.9780922296,forearm_cap_2_tilt_all_45,upperarm_cap_1_tilt_all_-15,16
457,80877.0584049889,base_cap_tilt_all_-15,wrist_cap_1_tilt_all_-10,16
458,80841.4099379335,flange_ring_tilt_all_-30,wrist_cap_2_tilt_all_10,16
459,80837.5255313384,base_cap_tilt_all_-15,wrist_cap_1_tilt_all_0,16
460,80818.4141042915,forearm_cap_1_tilt_all_0,wrist_cap_2_tilt_all_45,16
461,80818.3951250888,forearm_cap_2_tilt_all_0,wrist_cap_1_tilt_all_-15,16
462,80767.3734889116,forearm_cap_1_tilt_all_10,wrist_cap_2_tilt_all_30,16
463,80759.8514542219,upperarm_cap_1_tilt_all_-10,wrist_cap_1_tilt_all_-30,16
464,80729.7819363524,forearm_cap_1_tilt_all_10,forearm_ring_x_-0.30,16
465,80700.2381295154,forearm_cap_2_tilt_all_15,upperarm_ring_tilt_all_30,16
466,80696.3729618313,base_cap_tilt_all_-45,wrist_cap_1_tilt_all_-60,16
467,80694.2362361085,base_cap_tilt_all_-10,flange_ring_tilt_all_-15,16
468,80690.2310816877,upperarm_cap_1_tilt_all_-10,wrist_cap_2_tilt_all_0,16
469,80687.7532343156,upperarm_ring_tilt_all_45,upperarm_ring_tilt_all_60,16
470,80678.6090875162,base_cap_tilt_all_-45,flange_ring_tilt_all_-45,16
471,80671.7625992061,forearm_cap_1_tilt_all_10,forearm_ring_x_-0.45,16
472,80662.6596162417,base_cap_tilt_all_-30,forearm_ring,16
473,80662.6596162417,base_cap_tilt_all_-30,forearm_ring_x_-0.10,16
474,80639.4086170883,upperarm_cap_2_tilt_all_-30,upperarm_ring_tilt_all_60,16
475,80618.7459999256,base_cap_tilt_all_0,forearm_cap_1_tilt_all_15,16
476,80609.7101979336,base_cap_tilt_all_-15,wrist_cap_1_tilt_all_-45,16
477,80589.1559789768,base_cap_tilt_all_-45,upperarm_ring_tilt_all_0,16
478,80589.1559789768,base_cap_tilt_all_-45,upperarm_ring_x_-0.11,16
479,80534.6729417299,forearm_cap_1_tilt_all_10,upperarm_ring_x_-0.41,16
480,80495.4030914585,upperarm_ring_tilt_all_60,wrist_cap_1_tilt_all_-45,16
481,80405.2129327062,forearm_cap_1_tilt_all_10,forearm_ring_x_-0.25,16
482,80387.8209440102,flange_ring_tilt_all_-10,upperarm_cap_2_tilt_all_0,16
483,80334.8773015247,flange_ring_tilt_all_-30,forearm_cap_1_tilt_all_15,16
484,80318.7140291110,forearm_cap_2_tilt_all_15,upperarm_cap_1_tilt_all_-30,16
485,80301.4782696299,base_cap_tilt_all_-45,forearm_ring_x_-0.35,16
486,80285.4157904656,forearm_ring_x_-0.40,upperarm_ring_tilt_all_60,16
487,80279.6024736154,upperarm_cap_2_tilt_all_0,upperarm_ring_x_-0.31,16
488,80278.7856242718,flange_ring_tilt_all_0,upperarm_ring_tilt_all_30,16
489,80272.6616586599,forearm_cap_1_tilt_all_0,forearm_cap_2_tilt_all_30,16
490,80224.8366317141,base_cap_tilt_all_-60,wrist_cap_1_tilt_all_-10,16
491,80211.4067717880,forearm_ring_x_-0.25,upperarm_cap_2_tilt_all_0,16
492,80207.5943920160,forearm_ring_x_-0.30,upperarm_cap_2_tilt_all_0,16
493,80181.6219269616,forearm_cap_2_tilt_all_0,wrist_cap_1_tilt_all_-30,16
494,80175.4908628393,upperarm_cap_1_tilt_all_0,upperarm_cap_2_tilt_all_0,16
495,80148.2501552279,flange_ring_tilt_all_-15,wrist_cap_2_tilt_all_45,16
496,80146.5503462450,forearm_ring_x_-0.20,upperarm_cap_2_tilt_all_0,16
497,80144.6606656545,forearm_cap_2_tilt_all_45,upperarm_ring_tilt_all_60,16
498,80123.5176451237,base_cap_tilt_all_-45,upperarm_ring_x_-0.26,16
499,80080.0199440162,upperarm_cap_1_tilt_all_-15,wrist_cap_2_tilt_all_10,16
500,80062.1457768622,forearm_ring_x_-0.35,upperarm_cap_2_tilt_all_0,16
501,80056.7067391714,upperarm_cap_2_tilt_all_-10,wrist_cap_1_tilt_all_-15,16
502,80043.7932900495,base_cap_tilt_all_0,forearm_cap_2_tilt_all_10,16
503,80040.8136365158,base_cap_tilt_all_-45,upperarm_ring_tilt_all_30,16
504,80039.4334034605,forearm_cap_1_tilt_all_0,forearm_cap_1_tilt_all_45,16
505,80001.5028906755,flange_ring_tilt_all_0,wrist_cap_2_tilt_all_15,16
506,79991.6762842795,forearm_cap_1_tilt_all_0,upperarm_ring_tilt_all_10,16
507,79987.1172625258,forearm_cap_1_tilt_all_10,upperarm_ring_tilt_all_15,16
508,79976.2246375972,base_cap_tilt_all_-45,upperarm_ring_tilt_all_10,16
509,79965.5832701287,upperarm_cap_1_tilt_all_-10,wrist_cap_1_tilt_all_-15,16
510,79948.3740487606,forearm_ring_x_-0.45,upperarm_cap_1_tilt_all_0,16
511,79943.5362628144,forearm_ring_x_-0.40,upperarm_cap_1_tilt_all_0,16
512,79929.6334308902,forearm_cap_1_tilt_all_0,upperarm_ring_x_-0.26,16
513,79928.6179630338,base_cap_tilt_all_-30,upperarm_ring_x_-0.21,16
514,79927.3509239572,forearm_ring_x_-0.50,upperarm_ring_tilt_all_45,16
515,79919.5697030511,upperarm_ring_tilt_all_60,wrist_cap_2_tilt_all_60,16
516,79877.0922252493,upperarm_cap_2_tilt_all_-10,wrist_cap_2_tilt_all_45,16
517,79874.1948195058,base_cap_tilt_all_0,flange_ring_tilt_all_0,16
518,79873.4009415699,forearm_ring_x_-0.15,upperarm_cap_2_tilt_all_0,16
519,79869.7019523079,forearm_ring_x_-0.45,upperarm_ring_tilt_all_45,16
520,79863.5325462645,base_cap_tilt_all_-30,upperarm_ring_x_-0.16,16
521,79861.9561271752,forearm_cap_1_tilt_all_0,forearm_ring,16
522,79861.9561271752,forearm_cap_1_tilt_all_0,forearm_ring_x_-0.10,16
523,79854.9430958341,forearm_cap_1_tilt_all_10,forearm_ring_x_-0.20,16
524,79850.3444254193,base_cap_tilt_all_-60,wrist_cap_1_tilt_all_-15,16
525,79849.5572695839,forearm_ring_x_-0.35,upperarm_cap_1_tilt_all_0,16
526,79841.2701521543,base_cap_tilt_all_-60,wrist_cap_1_tilt_all_-30,16
527,79834.3081516264,forearm_cap_1_tilt_all_10,upperarm_ring_x_-0.36,16
528,79830.3318226681,upperarm_cap_1_tilt_all_0,upperarm_ring_x_-0.16,16
529,79782.5482153338,base_cap_tilt_all_-45,wrist_cap_2_tilt_all_60,16
530,79780.2586481232,forearm_ring_x_-0.40,upperarm_cap_2_tilt_all_0,16
531,79780.0470325892,upperarm_ring_tilt_all_45,upperarm_ring_x_-0.36,16
532,79774.7205724544,upperarm_cap_2_tilt_all_-15,wrist_cap_2_tilt_all_10,16
533,79768.9404788906,base_cap_tilt_all_-45,upperarm_ring_tilt_all_15,16
534,79722.8007886469,forearm_ring_x_-0.30,upperarm_cap_1_tilt_all_0,16
535,79706.5521034000,upperarm_cap_1_tilt_all_0,wrist_cap_2_tilt_all_60,16
536,79683.0969387342,base_cap_tilt_all_-30,forearm_cap_2_tilt_all_45,16
537,79675.2965668621,forearm_cap_1_tilt_all_0,forearm_cap_1_tilt_all_30,16
538,79662.3364413995,upperarm_cap_2_tilt_all_0,wrist_cap_1_tilt_all_-60,16
539,79656.4761907444,forearm_cap_2_tilt_all_10,wrist_cap_1_tilt_all_0,16
540,79643.7166750247,base_cap_tilt_all_-10,wrist_cap_1_tilt_all_-15,16
541,79637.2039785158,flange_ring_tilt_all_-30,forearm_cap_2_tilt_all_0,16
542,79622.9981660002,base_cap_tilt_all_-45,forearm_ring_x_-0.30,16
543,79605.3287218232,forearm_ring_x_-0.50,upperarm_cap_1_tilt_all_0,16
544,79605.0624594010,forearm_ring_x_-0.25,upperarm_cap_1_tilt_all_0,16
545,79562.1955279634,upperarm_cap_1_tilt_all_-10,wrist_cap_1_tilt_all_-10,16
546,79537.5507362977,forearm_cap_1_tilt_all_15,wrist_cap_2_tilt_all_10,16
547,79532.7489659896,upperarm_cap_1_tilt_all_-10,upperarm_ring_tilt_all_15,16
548,79527.2064602125,forearm_ring_x_-0.20,upperarm_cap_1_tilt_all_0,16
549,79522.2103483970,upperarm_cap_2_tilt_all_-10,wrist_cap_1_tilt_all_-10,16
550,79485.0192194634,base_cap_tilt_all_-30,base_cap_tilt_all_-60,16
551,79472.7666410508,forearm_ring_x_-0.15,upperarm_cap_1_tilt_all_0,16
552,79456.6842263734,base_cap_tilt_all_-30,upperarm_ring_x_-0.26,16
553,79352.5294940046,base_cap_tilt_all_-10,wrist_cap_1_tilt_all_-10,16
554,79351.9351800425,forearm_ring,upperarm_cap_2_tilt_all_0,16
555,79351.9351800425,forearm_ring_x_-0.10,upperarm_cap_2_tilt_all_0,16
556,79341.7040275835,forearm_ring_x_-0.45,upperarm_cap_2_tilt_all_0,16
557,79327.7271436676,forearm_ring_x_-0.35,upperarm_ring_tilt_all_60,16
558,79302.8780292893,base_cap_tilt_all_-10,wrist_cap_1_tilt_all_-45,16
559,79291.2476851470,base_cap_tilt_all_-45,upperarm_ring_x_-0.31,16
560,79268.0290297702,upperarm_cap_2_tilt_all_-10,wrist_cap_2_tilt_all_0,16
561,79226.4919223174,forearm_cap_2_tilt_all_10,wrist_cap_1_tilt_all_-10,16
562,79222.9646479195,upperarm_cap_1_tilt_all_-30,upperarm_ring_tilt_all_60,16
563,79213.6061072437,base_cap_tilt_all_-30,upperarm_ring_tilt_all_15,16
564,79211.7010119664,base_cap_tilt_all_-30,upperarm_ring_tilt_all_0,16
565,79211.7010119664,base_cap_tilt_all_-30,upperarm_ring_x_-0.11,16
566,79163.4366065955,base_cap_tilt_all_-30,upperarm_ring_x_-0.51,16
567,79121.0938469741,flange_ring_tilt_all_-30,upperarm_cap_1_tilt_all_0,16
568,79113.3253396900,forearm_ring,upperarm_cap_1_tilt_all_0,16
569,79113.3253396900,forearm_ring_x_-0.10,upperarm_cap_1_tilt_all_0,16
570,79102.9214884767,base_cap_tilt_all_0,wrist_cap_1_tilt_all_-30,16
571,79094.5805912564,base_cap_tilt_all_-30,upperarm_ring_tilt_all_10,16
572,79092.2427957267,base_cap_tilt_all_-30,upperarm_ring_x_-0.46,16
573,79087.2166754068,flange_ring_tilt_all_-10,upperarm_ring_tilt_all_30,16
574,79066.6793302486,base_cap_tilt_all_-45,forearm_ring_x_-0.25,16
575,79065.0610591043,flange_ring_tilt_all_-15,upperarm_cap_2_tilt_all_0,16
576,79063.6269129279,forearm_cap_1_tilt_all_10,forearm_ring_x_-0.15,16
577,79048.9960866772,forearm_cap_1_tilt_all_60,upperarm_cap_1_tilt_all_0,16
578,79041.5512056339,upperarm_ring_tilt_all_45,wrist_cap_2_tilt_all_60,16
579,79035.6987388825,base_cap_tilt_all_-10,wrist_cap_1_tilt_all_0,16
580,79033.0468033037,base_cap_tilt_all_-30,upperarm_ring_x_-0.31,16
581,79032.1207082090,forearm_cap_1_tilt_all_10,upperarm_ring_x_-0.31,16
582,78994.3513864146,base_cap_tilt_all_-15,upperarm_cap_2_tilt_all_-30,16
583,78986.8176026351,forearm_cap_2_tilt_all_45,upperarm_cap_2_tilt_all_-15,16
584,78979.2665231995,flange_ring_tilt_all_0,upperarm_cap_1_tilt_all_-10,16
585,78972.3371196782,forearm_ring_x_-0.40,upperarm_ring_tilt_all_45,16
586,78953.6769331078,upperarm_cap_1_tilt_all_0,wrist_cap_1_tilt_all_-60,16
587,78952.2943158140,base_cap_tilt_all_-15,flange_ring_tilt_all_-30,16
588,78939.0757227717,forearm_cap_2_tilt_all_10,wrist_cap_1_tilt_all_-15,16
589,78890.2181146928,base_cap_tilt_all_-10,base_cap_tilt_all_-30,16
590,78862.3534579483,base_cap_tilt_all_-15,wrist_cap_2_tilt_all_45,16
591,78838.2499116777,base_cap_tilt_all_-30,upperarm_ring_x_-0.41,16
592,78790.1347649425,upperarm_cap_2_tilt_all_0,upperarm_ring_x_-0.26,16
593,78789.8462832631,forearm_cap_1_tilt_all_10,forearm_ring_x_-0.50,16
594,78787.9206868707,forearm_cap_1_tilt_all_0,upperarm_ring_x_-0.21,16
595,78787.7708553725,base_cap_tilt_all_-30,upperarm_ring_x_-0.36,16
596,78739.4024915139,upperarm_ring_tilt_all_45,wrist_cap_1_tilt_all_-60,16
597,78731.0992012141,upperarm_cap_2_tilt_all_0,upperarm_ring_tilt_all_10,16
598,78720.9673757184,base_cap_tilt_all_-45,forearm_ring_x_-0.20,16
599,78718.0238514859,forearm_cap_1_tilt_all_10,upperarm_cap_2_tilt_all_-45,16
600,78667.9657521545,forearm_cap_1_tilt_all_15,wrist_cap_2_tilt_all_15,16
601,78654.6337398045,base_cap_tilt_all_-30,forearm_cap_1_tilt_all_45,16
602,78638.9773814972,upperarm_cap_1_tilt_all_-10,upperarm_ring_x_-0.46,16
603,78637.0340004684,flange_ring_tilt_all_-30,forearm_cap_2_tilt_all_10,16
604,78546.9332411927,base_cap_tilt_all_-45,upperarm_ring_x_-0.36,16
605,78518.5067380946,base_cap_tilt_all_0,flange_ring_tilt_all_-10,16
606,78513.3081210204,upperarm_ring_tilt_all_45,upperarm_ring_x_-0.41,16
607,78502.0914451165,base_cap_tilt_all_-10,upperarm_ring_x_-0.51,16
608,78492.6488045823,base_cap_tilt_all_-60,upperarm_ring_x_-0.21,16
609,78487.7268123551,forearm_cap_1_tilt_all_45,upperarm_cap_1_tilt_all_-15,16
610,78458.9255299753,forearm_cap_1_tilt_all_0,forearm_cap_2_tilt_all_0,16
611,78434.4751955579,forearm_cap_1_tilt_all_0,forearm_cap_2_tilt_all_15,16
612,78428.7057678607,base_cap_tilt_all_-60,upperarm_ring_tilt_all_30,16
613,78424.9379420229,base_cap_tilt_all_-45,forearm_ring_x_-0.15,16
614,78418.9829220411,base_cap_tilt_all_0,wrist_cap_2_tilt_all_15,16
615,78398.3372729849,flange_ring_tilt_all_0,forearm_cap_1_tilt_all_30,16
616,78392.1613708046,forearm_cap_2_tilt_all_10,wrist_cap_1_tilt_all_-30,16
617,78378.0271883173,forearm_ring_x_-0.30,upperarm_ring_tilt_all_60,16
618,78374.2120863111,forearm_ring_x_-0.50,upperarm_cap_2_tilt_all_0,16
619,78353.4551398495,upperarm_cap_1_tilt_all_-10,upperarm_ring_x_-0.41,16
620,78349.3006571429,base_cap_tilt_all_0,wrist_cap_2_tilt_all_10,16
621,78305.5006303769,forearm_cap_2_tilt_all_15,wrist_cap_1_tilt_all_0,16
622,78300.6786721854,upperarm_cap_2_tilt_all_-10,wrist_cap_1_tilt_all_-45,16
623,78284.6107114773,forearm_cap_2_tilt_all_60,upperarm_cap_2_tilt_all_0,16
624,78274.9846503982,flange_ring_tilt_all_0,forearm_cap_2_tilt_all_30,16
625,78237.5433149859,base_cap_tilt_all_0,forearm_cap_2_tilt_all_15,16
626,78236.1725285344,base_cap_tilt_all_-60,flange_ring_tilt_all_-30,16
627,78221.3153634008,flange_ring_tilt_all_-15,upperarm_ring_tilt_all_30,16
628,78219.3957144447,base_cap_tilt_all_-30,upperarm_cap_2_tilt_all_-45,16
629,78207.6074278220,forearm_cap_1_tilt_all_0,forearm_cap_2_tilt_all_45,16
630,78176.3948832609,base_cap_tilt_all_0,upperarm_ring_x_-0.51,16
631,78156.1015596567,forearm_cap_1_tilt_all_45,upperarm_ring_tilt_all_60,16
632,78130.2954940464,forearm_cap_2_tilt_all_10,wrist_cap_2_tilt_all_0,16
633,78118.8248206542,upperarm_cap_1_tilt_all_-10,wrist_cap_1_tilt_all_0,16
634,78110.9776817550,forearm_cap_1_tilt_all_0,forearm_cap_2_tilt_all_10,16
635,78099.3739082708,forearm_cap_2_tilt_all_0,upperarm_ring_x_-0.46,16
636,78084.4520649709,forearm_cap_1_tilt_all_15,upperarm_ring_x_-0.51,16
637,78076.8127045890,base_cap_tilt_all_-60,forearm_cap_1_tilt_all_30,16
638,78063.4757633677,base_cap_tilt_all_-45,forearm_cap_2_tilt_all_45,16
639,78051.1787771905,base_cap_tilt_all_-45,upperarm_ring_x_-0.41,16
640,78044.5872566784,base_cap_tilt_all_-15,forearm_cap_1_tilt_all_30,16
641,78041.9319190826,forearm_cap_1_tilt_all_10,upperarm_ring_x_-0.26,16
642,78022.2153712047,base_cap_tilt_all_-60,upperarm_ring_x_-0.16,16
643,78020.9645632766,base_cap_tilt_all_-15,upperarm_ring_x_-0.51,16
644,78016.2265499223,base_cap_tilt_all_-60,upperarm_ring_x_-0.26,16
645,78014.5059587031,base_cap_tilt_all_-30,flange_ring_tilt_all_-60,16
646,77963.3210170068,base_cap_tilt_all_-10,upperarm_ring_x_-0.46,16
647,77951.6210896850,forearm_ring_x_-0.35,upperarm_ring_tilt_all_45,16
648,77943.0606412163,upperarm_cap_2_tilt_all_-10,wrist_cap_1_tilt_all_0,16
649,77940.1367125952,base_cap_tilt_all_-15,forearm_cap_2_tilt_all_30,16
650,77937.9253821624,upperarm_cap_2_tilt_all_0,wrist_cap_2_tilt_all_60,16
651,77928.4788800512,upperarm_cap_1_tilt_all_-10,upperarm_ring_x_-0.36,16
652,77925.5260584306,forearm_cap_1_tilt_all_10,upperarm_ring_tilt_all_10,16
653,77923.1667281134,forearm_cap_1_tilt_all_10,wrist_cap_2_tilt_all_45,16
654,77917.4034740118,forearm_cap_1_tilt_all_15,wrist_cap_1_tilt_all_-60,16
655,77895.8282607541,base_cap_tilt_all_0,upperarm_ring_x_-0.46,16
656,77886.1019445171,base_cap_tilt_all_-30,base_cap_tilt_all_-45,16
657,77882.8869553976,upperarm_cap_2_tilt_all_-15,wrist_cap_1_tilt_all_-30,16
658,77876.5148005379,base_cap_tilt_all_-60,upperarm_ring_tilt_all_10,16
659,77873.9415047968,forearm_cap_2_tilt_all_0,upperarm_ring_x_-0.51,16
660,77858.1856840428,base_cap_tilt_all_-45,forearm_ring,16
661,77858.1856840428,base_cap_tilt_all_-45,forearm_ring_x_-0.10,16
662,77850.5325051095,base_cap_tilt_all_0,wrist_cap_2_tilt_all_30,16
663,77848.2043920963,upperarm_cap_1_tilt_all_0,upperarm_ring_tilt_all_0,16
664,77848.2043920963,upperarm_cap_1_tilt_all_0,upperarm_ring_x_-0.11,16
665,77834.0075072449,base_cap_tilt_all_0,wrist_cap_2_tilt_all_0,16
666,77828.6722491551,base_cap_tilt_all_-60,upperarm_ring_tilt_all_15,16
667,77784.4033501447,base_cap_tilt_all_-60,forearm_cap_2_tilt_all_30,16
668,77781.1947451817,forearm_cap_2_tilt_all_15,wrist_cap_2_tilt_all_0,16
669,77761.4642819117,forearm_cap_1_tilt_all_15,upperarm_ring_x_-0.46,16
670,77758.9441550449,forearm_cap_2_tilt_all_15,wrist_cap_1_tilt_all_-10,16
671,77758.0823056916,upperarm_ring_tilt_all_60,wrist_cap_1_tilt_all_-60,16
672,77754.7687871993,flange_ring_tilt_all_0,upperarm_cap_2_tilt_all_-10,16
673,77747.6366872028,base_cap_tilt_all_-45,upperarm_ring_x_-0.46,16
674,77699.4684703345,base_cap_tilt_all_-60,wrist_cap_2_tilt_all_45,16
675,77692.7679558735,forearm_cap_1_tilt_all_10,forearm_ring,16
676,77692.7679558735,forearm_cap_1_tilt_all_10,forearm_ring_x_-0.10,16
677,77691.4794354853,upperarm_ring_tilt_all_30,wrist_cap_1_tilt_all_0,16
678,77627.7624472997,forearm_cap_2_tilt_all_0,forearm_ring_x_-0.45,16
679,77617.1223037389,base_cap_tilt_all_0,flange_ring_tilt_all_-15,16
680,77587.6725446110,base_cap_tilt_all_-10,upperarm_cap_2_tilt_all_-30,16
681,77583.8139103015,upperarm_cap_1_tilt_all_-30,upperarm_ring_tilt_all_45,16
682,77551.2067671534,forearm_cap_2_tilt_all_0,wrist_cap_2_tilt_all_0,16
683,77545.8736266537,upperarm_cap_2_tilt_all_-10,upperarm_ring_x_-0.46,16
684,77545.8404102554,base_cap_tilt_all_-60,upperarm_cap_2_tilt_all_-30,16
685,77543.6267661552,upperarm_cap_1_tilt_all_-10,upperarm_ring_x_-0.51,16
686,77543.1862028675,forearm_ring_x_-0.25,upperarm_ring_tilt_all_60,16
687,77542.7384998167,upperarm_ring_tilt_all_45,upperarm_ring_x_-0.46,16
688,77497.8301169122,upperarm_ring_tilt_all_30,wrist_cap_1_tilt_all_-30,16
689,77468.6452803265,upperarm_cap_1_tilt_all_-10,upperarm_ring_x_-0.31,16
690,77468.0350363941,forearm_cap_1_tilt_all_0,upperarm_ring_x_-0.16,16
691,77462.2928466747,forearm_cap_2_tilt_all_15,wrist_cap_1_tilt_all_-15,16
692,77415.0819978891,base_cap_tilt_all_-15,upperarm_ring_x_-0.46,16
693,77402.3372114169,base_cap_tilt_all_-45,upperarm_ring_x_-0.51,16
694,77338.7244291153,upperarm_cap_2_tilt_all_0,upperarm_ring_x_-0.21,16
695,77330.2640933724,forearm_cap_1_tilt_all_15,upperarm_ring_x_-0.41,16
696,77321.1490171489,base_cap_tilt_all_-10,flange_ring_tilt_all_-30,16
697,77274.9700269869,forearm_cap_2_tilt_all_15,wrist_cap_1_tilt_all_-30,16
698,77265.1611189415,upperarm_ring_tilt_all_30,wrist_cap_1_tilt_all_-10,16
699,77262.6022316766,forearm_cap_1_tilt_all_15,wrist_cap_2_tilt_all_30,16
700,77243.6228088119,base_cap_tilt_all_-60,upperarm_ring_x_-0.31,16
701,77243.2005002757,forearm_cap_1_tilt_all_15,forearm_ring_x_-0.40,16
702,77218.7499488086,flange_ring_tilt_all_-30,forearm_cap_2_tilt_all_15,16
703,77208.6320059223,upperarm_cap_1_tilt_all_-15,wrist_cap_2_tilt_all_0,16
704,77194.0679752222,forearm_cap_2_tilt_all_0,wrist_cap_2_tilt_all_30,16
705,77159.9193863255,forearm_cap_2_tilt_all_0,forearm_ring_x_-0.40,16
706,77143.0287785992,flange_ring_tilt_all_-30,wrist_cap_2_tilt_all_0,16
707,77141.5891900619,forearm_cap_1_tilt_all_15,forearm_ring_x_-0.35,16
708,77132.7719205942,forearm_cap_2_tilt_all_0,upperarm_ring_x_-0.41,16
709,77112.4796425810,flange_ring_tilt_all_-60,upperarm_ring_tilt_all_60,16
710,77088.2960044737,upperarm_cap_1_tilt_all_-10,wrist_cap_1_tilt_all_-45,16
711,77086.0281919132,base_cap_tilt_all_-60,wrist_cap_1_tilt_all_-45,16
712,77047.5427977514,upperarm_ring_tilt_all_30,wrist_cap_1_tilt_all_-15,16
713,77028.7070958869,forearm_ring_x_-0.30,upperarm_ring_tilt_all_45,16
714,77021.9634299567,upperarm_cap_1_tilt_all_-10,upperarm_ring_tilt_all_10,16
715,77012.1360375782,flange_ring_tilt_all_-10,forearm_cap_1_tilt_all_30,16
716,77006.2419170226,forearm_cap_1_tilt_all_15,forearm_ring_x_-0.45,16
717,77002.9819829835,flange_ring_tilt_all_0,wrist_cap_2_tilt_all_10,16
718,76978.5003605739,upperarm_cap_1_tilt_all_-15,wrist_cap_1_tilt_all_-30,16
719,76967.3569590256,upperarm_cap_2_tilt_all_-10,upperarm_ring_x_-0.41,16
720,76958.0903577266,base_cap_tilt_all_-10,wrist_cap_2_tilt_all_45,16
721,76952.4162696564,forearm_cap_1_tilt_all_15,forearm_ring_x_-0.30,16
722,76951.1823767162,forearm_cap_1_tilt_all_10,upperarm_ring_x_-0.21,16
723,76936.9480334790,forearm_ring_x_-0.20,upperarm_ring_tilt_all_60,16
724,76927.1157880228,upperarm_cap_1_tilt_all_-15,wrist_cap_2_tilt_all_45,16
725,76915.2834001112,base_cap_tilt_all_-15,base_cap_tilt_all_-30,16
726,76884.5311079377,base_cap_tilt_all_0,wrist_cap_1_tilt_all_-15,16
727,76854.4243044090,forearm_cap_2_tilt_all_0,upperarm_ring_tilt_all_15,16
728,76838.3553942567,forearm_cap_1_tilt_all_0,wrist_cap_2_tilt_all_60,16
729,76786.5314280130,forearm_cap_1_tilt_all_15,upperarm_ring_tilt_all_15,16
730,76777.4171112146,flange_ring_tilt_all_-60,upperarm_ring_tilt_all_45,16
731,76767.2437524836,base_cap_tilt_all_-45,forearm_cap_1_tilt_all_45,16
732,76696.8534710925,upperarm_cap_1_tilt_all_-10,upperarm_ring_x_-0.26,16
733,76694.7946752818,base_cap_tilt_all_0,upperarm_ring_x_-0.41,16
734,76683.3595480815,flange_ring_tilt_all_-10,upperarm_cap_1_tilt_all_-10,16
735,76668.4833835443,upperarm_cap_2_tilt_all_-15,wrist_cap_2_tilt_all_0,16
736,76655.4537007704,forearm_cap_1_tilt_all_10,forearm_cap_2_tilt_all_0,16
737,76650.8695521927,upperarm_ring_tilt_all_30,wrist_cap_2_tilt_all_0,16
738,76633.8809507501,forearm_cap_1_tilt_all_15,upperarm_ring_x_-0.36,16
739,76633.6172630014,base_cap_tilt_all_-15,wrist_cap_1_tilt_all_-60,16
740,76609.9512200924,flange_ring_tilt_all_-15,wrist_cap_2_tilt_all_0,16
741,76595.1841998913,upperarm_ring_tilt_all_45,upperarm_ring_x_-0.51,16
742,76581.5663227605,forearm_cap_1_tilt_all_45,upperarm_cap_2_tilt_all_-15,16
743,76571.5917131560,forearm_cap_1_tilt_all_15,forearm_ring_x_-0.25,16
744,76565.8669954891,flange_ring_tilt_all_-10,forearm_cap_2_tilt_all_30,16
745,76522.3152423612,forearm_ring_x_-0.15,upperarm_ring_tilt_all_60,16
746,76514.6835452798,forearm_cap_2_tilt_all_0,wrist_cap_2_tilt_all_10,16
747,76512.9990579811,upperarm_cap_2_tilt_all_-10,upperarm_ring_x_-0.51,16
748,76486.4431693456,base_cap_tilt_all_-10,upperarm_ring_x_-0.41,16
749,76485.2431039373,forearm_cap_2_tilt_all_45,upperarm_ring_tilt_all_45,16
750,76484.1124960645,forearm_cap_2_tilt_all_0,forearm_ring_x_-0.50,16
751,76477.8245514224,forearm_cap_2_tilt_all_0,wrist_cap_2_tilt_all_15,16
752,76468.6061343126,flange_ring_tilt_all_-45,forearm_cap_1_tilt_all_0,16
753,76454.6357243237,upperarm_ring_tilt_all_30,wrist_cap_2_tilt_all_10,16
754,76442.6409427703,base_cap_tilt_all_-45,flange_ring_tilt_all_-60,16
755,76437.0882951456,base_cap_tilt_all_-60,upperarm_ring_tilt_all_0,16
756,76437.0882951456,base_cap_tilt_all_-60,upperarm_ring_x_-0.11,16
757,76415.6260264262,upperarm_ring_tilt_all_30,upperarm_ring_tilt_all_45,16
758,76413.4023615010,base_cap_tilt_all_0,wrist_cap_1_tilt_all_-10,16
759,76407.8142564229,forearm_cap_1_tilt_all_30,upperarm_cap_2_tilt_all_-30,16
760,76355.6521933267,base_cap_tilt_all_-60,upperarm_ring_x_-0.36,16
761,76317.2723479462,forearm_ring_x_-0.25,upperarm_ring_tilt_all_45,16
762,76303.7624856363,base_cap_tilt_all_0,wrist_cap_1_tilt_all_-45,16
763,76298.7379585929,upperarm_cap_2_tilt_all_-15,wrist_cap_1_tilt_all_-15,16
764,76286.6539878918,upperarm_cap_2_tilt_all_-15,wrist_cap_2_tilt_all_45,16
765,76245.2094821732,forearm_cap_2_tilt_all_0,forearm_ring_x_-0.35,16
766,76222.2492771225,upperarm_cap_1_tilt_all_0,upperarm_cap_2_tilt_all_-10,16
767,76216.5810925544,upperarm_ring_tilt_all_30,wrist_cap_2_tilt_all_15,16
768,76108.0846025551,base_cap_tilt_all_-45,upperarm_cap_2_tilt_all_-45,16
769,76098.6070480491,forearm_ring,upperarm_ring_tilt_all_60,16
770,76098.6070480491,forearm_ring_x_-0.10,upperarm_ring_tilt_all_60,16
771,76081.1478997469,forearm_cap_2_tilt_all_0,wrist_cap_1_tilt_all_-45,16
772,76078.3364905293,base_cap_tilt_all_-15,upperarm_ring_x_-0.41,16
773,76078.2444725267,base_cap_tilt_all_-15,upperarm_cap_1_tilt_all_-30,16
774,76029.5452682915,base_cap_tilt_all_-15,forearm_ring_x_-0.20,16
775,76026.8274128999,forearm_cap_2_tilt_all_0,upperarm_ring_x_-0.36,16
776,76024.9518433904,forearm_cap_1_tilt_all_15,forearm_ring_x_-0.20,16
777,76022.9970501879,base_cap_tilt_all_-15,forearm_ring_x_-0.15,16
778,76008.5735125912,base_cap_tilt_all_-10,forearm_cap_2_tilt_all_30,16
779,76006.9860742956,base_cap_tilt_all_-10,forearm_cap_1_tilt_all_30,16
780,75974.1728648979,upperarm_cap_1_tilt_all_-15,wrist_cap_1_tilt_all_-15,16
781,75938.8567636592,upperarm_cap_2_tilt_all_-10,upperarm_ring_x_-0.36,16
782,75933.5508581344,forearm_cap_2_tilt_all_10,wrist_cap_2_tilt_all_10,16
783,75897.5262887169,forearm_cap_2_tilt_all_30,upperarm_cap_2_tilt_all_-30,16
784,75886.6502953860,forearm_cap_1_tilt_all_15,upperarm_ring_x_-0.31,16
785,75884.6148853159,base_cap_tilt_all_-15,forearm_ring_x_-0.25,16
786,75821.4280234388,forearm_ring_x_-0.20,upperarm_ring_tilt_all_45,16
787,75812.1439142178,upperarm_cap_2_tilt_all_-15,wrist_cap_1_tilt_all_-10,16
788,75803.6142481908,upperarm_cap_2_tilt_all_-10,upperarm_ring_tilt_all_15,16
789,75782.5821815078,base_cap_tilt_all_-60,forearm_ring_x_-0.45,16
790,75774.7608905936,base_cap_tilt_all_0,wrist_cap_1_tilt_all_0,16
791,75767.0375843411,upperarm_cap_2_tilt_all_0,upperarm_ring_x_-0.16,16
792,75765.2108929677,flange_ring_tilt_all_-15,forearm_cap_1_tilt_all_30,16
793,75713.8603123659,forearm_cap_1_tilt_all_0,upperarm_ring_tilt_all_0,16
794,75713.8603123659,forearm_cap_1_tilt_all_0,upperarm_ring_x_-0.11,16
795,75694.5057963605,upperarm_cap_1_tilt_all_-10,upperarm_ring_x_-0.21,16
796,75676.7668347954,forearm_cap_1_tilt_all_10,upperarm_ring_x_-0.16,16
797,75651.0621233324,base_cap_tilt_all_-15,forearm_ring_x_-0.30,16
798,75629.3856412900,forearm_cap_1_tilt_all_0,forearm_cap_1_tilt_all_60,16
799,75595.1948902579,flange_ring_tilt_all_-15,upperarm_cap_1_tilt_all_-10,16
800,75567.8929180711,base_cap_tilt_all_-60,upperarm_ring_x_-0.41,16
801,75566.8498638467,base_cap_tilt_all_-15,forearm_ring,16
802,75566.8498638467,base_cap_tilt_all_-15,forearm_ring_x_-0.10,16
803,75546.1041814326,upperarm_cap_1_tilt_all_-15,wrist_cap_1_tilt_all_-10,16
804,75541.1667069346,flange_ring_tilt_all_-45,forearm_cap_1_tilt_all_10,16
805,75525.6236930623,base_cap_tilt_all_-60,forearm_ring_x_-0.50,16
806,75517.8738565873,upperarm_ring_tilt_all_30,wrist_cap_2_tilt_all_30,16
807,75514.5259512102,forearm_cap_1_tilt_all_60,upperarm_cap_2_tilt_all_0,16
808,75489.1460236427,flange_ring_tilt_all_-30,upperarm_cap_2_tilt_all_0,16
809,75476.3026960318,forearm_ring_x_-0.15,upperarm_ring_tilt_all_45,16
810,75452.9623622871,forearm_cap_1_tilt_all_30,forearm_cap_2_tilt_all_0,16
811,75445.9295397306,forearm_cap_2_tilt_all_15,wrist_cap_2_tilt_all_10,16
812,75433.9151325315,base_cap_tilt_all_-15,forearm_ring_x_-0.35,16
813,75415.8991187992,upperarm_cap_1_tilt_all_-10,upperarm_cap_2_tilt_all_0,16
814,75394.9196034541,base_cap_tilt_all_-30,forearm_ring_x_-0.55,16
815,75311.3914699991,base_cap_tilt_all_-15,forearm_ring_x_-0.40,16
816,75274.3757154609,forearm_cap_2_tilt_all_0,forearm_ring_x_-0.30,16
817,75271.1875554153,forearm_cap_1_tilt_all_15,forearm_cap_2_tilt_all_0,16
818,75268.0594016681,base_cap_tilt_all_-30,upperarm_cap_1_tilt_all_-45,16
819,75256.1475208573,forearm_cap_1_tilt_all_15,forearm_ring_x_-0.50,16
820,75245.4042240649,forearm_cap_2_tilt_all_10,upperarm_ring_x_-0.46,16
821,75238.7998189828,base_cap_tilt_all_0,upperarm_ring_x_-0.36,16
822,75238.0857732252,base_cap_tilt_all_-30,forearm_cap_2_tilt_all_60,16
823,75230.6233593290,flange_ring_tilt_all_-15,forearm_cap_2_tilt_all_30,16
824,75223.3618120727,forearm_cap_2_tilt_all_10,upperarm_ring_x_-0.51,16
825,75190.6235641589,flange_ring_tilt_all_0,upperarm_cap_1_tilt_all_-15,16
826,75176.0403099532,base_cap_tilt_all_-30,flange_ring_tilt_all_-75,16
827,75171.2087541927,forearm_cap_1_tilt_all_15,forearm_ring_x_-0.15,16
828,75157.2941417847,base_cap_tilt_all_-15,forearm_ring_x_-0.45,16
829,75156.3545107556,upperarm_cap_1_tilt_all_-15,upperarm_ring_tilt_all_15,16
830,75056.3630621775,base_cap_tilt_all_-60,forearm_ring_x_-0.40,16
831,75046.5730235432,forearm_cap_2_tilt_all_10,forearm_ring_x_-0.45,16
832,75039.9146448566,forearm_cap_2_tilt_all_0,upperarm_ring_x_-0.31,16
833,75000.1368866964,forearm_cap_2_tilt_all_10,wrist_cap_2_tilt_all_15,16
834,74962.7176742278,forearm_cap_1_tilt_all_15,upperarm_ring_x_-0.26,16
835,74946.6928536779,flange_ring_tilt_all_-10,wrist_cap_2_tilt_all_0,16
836,74939.2307811575,forearm_ring,upperarm_ring_tilt_all_45,16
837,74939.2307811575,forearm_ring_x_-0.10,upperarm_ring_tilt_all_45,16
838,74931.2030344141,base_cap_tilt_all_-10,wrist_cap_1_tilt_all_-60,16
839,74907.5468425337,forearm_cap_2_tilt_all_10,wrist_cap_1_tilt_all_-45,16
840,74889.3070441123,upperarm_cap_1_tilt_all_0,upperarm_cap_2_tilt_all_-15,16
841,74860.6984161474,base_cap_tilt_all_-10,upperarm_ring_x_-0.36,16
842,74857.7228075272,base_cap_tilt_all_0,upperarm_cap_2_tilt_all_-30,16
843,74830.0547282107,base_cap_tilt_all_-60,upperarm_ring_x_-0.46,16
844,74780.3526370975,flange_ring_tilt_all_-45,upperarm_cap_1_tilt_all_0,16
845,74777.6551951508,flange_ring_tilt_all_0,upperarm_cap_2_tilt_all_-15,16
846,74763.4387183058,base_cap_tilt_all_-15,upperarm_ring_x_-0.36,16
847,74740.1857592659,forearm_cap_1_tilt_all_15,upperarm_cap_2_tilt_all_-45,16
848,74737.1962548743,wrist_cap_1_tilt_all_-15,wrist_cap_2_tilt_all_0,16
849,74730.2142553385,forearm_cap_1_tilt_all_15,upperarm_ring_tilt_all_10,16
850,74716.0547876006,forearm_cap_2_tilt_all_0,forearm_cap_2_tilt_all_45,16
851,74674.5574730605,flange_ring_tilt_all_-10,upperarm_cap_2_tilt_all_-10,16
852,74636.6308884986,forearm_cap_2_tilt_all_0,wrist_cap_2_tilt_all_45,16
853,74632.9903771995,upperarm_cap_2_tilt_all_-10,upperarm_ring_x_-0.31,16
854,74584.7813557334,forearm_cap_2_tilt_all_10,forearm_ring_x_-0.40,16
855,74559.6997032040,wrist_cap_1_tilt_all_-15,wrist_cap_2_tilt_all_10,16
856,74559.2941396998,base_cap_tilt_all_-10,upperarm_cap_1_tilt_all_-30,16
857,74528.0290224549,wrist_cap_1_tilt_all_-30,wrist_cap_2_tilt_all_0,16
858,74518.3994785208,base_cap_tilt_all_0,upperarm_ring_tilt_all_15,16
859,74517.1568625823,forearm_cap_1_tilt_all_0,forearm_cap_1_tilt_all_15,16
860,74513.1778037270,wrist_cap_1_tilt_all_-10,wrist_cap_2_tilt_all_10,16
861,74508.5166126913,base_cap_tilt_all_-10,forearm_ring_x_-0.15,16
862,74486.9009011198,flange_ring_tilt_all_0,wrist_cap_2_tilt_all_60,16
863,74470.1394064568,forearm_cap_2_tilt_all_10,upperarm_ring_tilt_all_15,16
864,74464.0026328150,wrist_cap_1_tilt_all_-10,wrist_cap_2_tilt_all_0,16
865,74459.0390106948,upperarm_cap_2_tilt_all_-15,wrist_cap_1_tilt_all_-45,16
866,74452.0013964656,base_cap_tilt_all_-10,forearm_ring_x_-0.20,16
867,74445.2380644447,upperarm_cap_2_tilt_all_-15,wrist_cap_1_tilt_all_0,16
868,74419.7422811544,forearm_cap_1_tilt_all_45,upperarm_ring_tilt_all_45,16
869,74419.1080969095,forearm_cap_2_tilt_all_60,upperarm_cap_1_tilt_all_-10,16
870,74410.0088327026,forearm_cap_2_tilt_all_10,upperarm_ring_x_-0.41,16
871,74403.4470822905,upperarm_cap_1_tilt_all_-15,upperarm_ring_x_-0.46,16
872,74400.3981674276,upperarm_ring_tilt_all_30,wrist_cap_1_tilt_all_-45,16
873,74343.1182026625,forearm_cap_1_tilt_all_10,wrist_cap_2_tilt_all_60,16
874,74332.3201248117,forearm_cap_2_tilt_all_0,upperarm_ring_tilt_all_10,16
875,74285.2907493870,forearm_cap_2_tilt_all_0,forearm_ring_x_-0.25,16
876,74283.4750499089,base_cap_tilt_all_-15,forearm_ring_x_-0.50,16
877,74280.4452272297,wrist_cap_1_tilt_all_-10,wrist_cap_2_tilt_all_15,16
878,74268.5432814876,base_cap_tilt_all_-45,upperarm_cap_1_tilt_all_-45,16
879,74266.2353917862,forearm_cap_2_tilt_all_60,upperarm_ring_tilt_all_60,16
880,74263.5905318271,base_cap_tilt_all_-10,forearm_ring_x_-0.25,16
881,74236.0331709970,upperarm_cap_1_tilt_all_-10,wrist_cap_2_tilt_all_60,16
882,74229.2611240990,forearm_cap_2_tilt_all_15,wrist_cap_2_tilt_all_15,16
883,74229.0449371220,forearm_cap_1_tilt_all_15,wrist_cap_2_tilt_all_45,16
884,74222.6240238142,wrist_cap_1_tilt_all_-30,wrist_cap_2_tilt_all_10,16
885,74201.0974452752,upperarm_cap_1_tilt_all_-10,upperarm_ring_x_-0.16,16
886,74200.4868871069,wrist_cap_1_tilt_all_-15,wrist_cap_2_tilt_all_15,16
887,74166.8237731128,base_cap_tilt_all_-30,upperarm_cap_2_tilt_all_-60,16
888,74157.1459576576,upperarm_cap_1_tilt_all_-15,wrist_cap_1_tilt_all_0,16
889,74149.6716960921,wrist_cap_1_tilt_all_-30,wrist_cap_2_tilt_all_15,16
890,74140.9659760257,upperarm_cap_1_tilt_all_-15,upperarm_ring_x_-0.41,16
891,74128.2537375628,base_cap_tilt_all_-60,forearm_ring_x_-0.35,16
892,74125.3116437439,forearm_ring_x_-0.45,upperarm_cap_1_tilt_all_-10,16
893,74123.5377599395,base_cap_tilt_all_-60,upperarm_cap_1_tilt_all_-30,16
894,74123.3259403278,base_cap_tilt_all_-10,forearm_ring,16
895,74123.3259403278,base_cap_tilt_all_-10,forearm_ring_x_-0.10,16
896,74114.5475272564,flange_ring_tilt_all_-30,upperarm_ring_tilt_all_30,16
897,74104.7477261937,base_cap_tilt_all_0,flange_ring_tilt_all_-30,16
898,74069.8212002725,forearm_cap_1_tilt_all_10,upperarm_ring_tilt_all_0,16
899,74069.8212002725,forearm_cap_1_tilt_all_10,upperarm_ring_x_-0.11,16
900,74068.5092289610,forearm_ring_x_-0.55,upperarm_ring_tilt_all_60,16
901,74044.5157750071,base_cap_tilt_all_-30,forearm_cap_1_tilt_all_60,16
902,74043.9429443063,forearm_cap_2_tilt_all_15,wrist_cap_1_tilt_all_-45,16
903,74033.0305756984,forearm_ring_x_-0.50,upperarm_cap_1_tilt_all_-10,16
904,74032.6438948786,flange_ring_tilt_all_0,wrist_cap_1_tilt_all_-15,16
905,74006.5948373238,base_cap_tilt_all_-60,upperarm_ring_x_-0.51,16
906,74000.6961393185,forearm_cap_2_tilt_all_10,wrist_cap_2_tilt_all_30,16
907,73991.7319835382,forearm_ring_x_-0.40,upperarm_cap_1_tilt_all_-10,16
908,73990.6287221543,base_cap_tilt_all_-10,forearm_ring_x_-0.30,16
909,73977.1253328843,forearm_cap_1_tilt_all_0,upperarm_cap_1_tilt_all_-45,16
910,73969.8085827013,upperarm_cap_1_tilt_all_-45,upperarm_ring_tilt_all_60,16
911,73953.6559541636,base_cap_tilt_all_-15,flange_ring_tilt_all_-45,16
912,73945.0610218821,wrist_cap_1_tilt_all_-30,wrist_cap_2_tilt_all_30,16
913,73940.3471815149,base_cap_tilt_all_-15,upperarm_ring_tilt_all_15,16
914,73926.8384054239,forearm_cap_2_tilt_all_0,upperarm_ring_x_-0.26,16
915,73921.6042934810,flange_ring_tilt_all_0,wrist_cap_1_tilt_all_-10,16
916,73908.4126448481,forearm_cap_1_tilt_all_15,upperarm_ring_x_-0.21,16
917,73891.4239158938,base_cap_tilt_all_-10,upperarm_ring_tilt_all_15,16
918,73879.5165083080,forearm_cap_2_tilt_all_10,forearm_ring_x_-0.50,16
919,73868.2144761932,flange_ring_tilt_all_-75,upperarm_ring_tilt_all_60,16
920,73851.2384391724,upperarm_cap_2_tilt_all_-15,upperarm_ring_x_-0.46,16
921,73782.2653236532,forearm_cap_1_tilt_all_15,forearm_ring,16
922,73782.2653236532,forearm_cap_1_tilt_all_15,forearm_ring_x_-0.10,16
923,73741.8232568103,forearm_cap_2_tilt_all_10,forearm_ring_x_-0.35,16
924,73734.2648626846,upperarm_cap_2_tilt_all_0,upperarm_ring_tilt_all_0,16
925,73734.2648626846,upperarm_cap_2_tilt_all_0,upperarm_ring_x_-0.11,16
926,73728.2344765865,forearm_cap_2_tilt_all_0,forearm_cap_2_tilt_all_30,16
927,73720.8405904333,forearm_ring_x_-0.35,upperarm_cap_1_tilt_all_-10,16
928,73714.2583969815,base_cap_tilt_all_-10,forearm_ring_x_-0.35,16
929,73712.9573869680,base_cap_tilt_all_0,upperarm_ring_x_-0.31,16
930,73703.5037098403,base_cap_tilt_all_-15,upperarm_ring_x_-0.31,16
931,73687.8115620457,upperarm_cap_1_tilt_all_-15,upperarm_cap_2_tilt_all_0,16
932,73680.1372446397,upperarm_cap_1_tilt_all_-15,upperarm_ring_x_-0.36,16
933,73646.4310939514,forearm_cap_1_tilt_all_30,upperarm_ring_tilt_all_30,16
934,73639.3570261041,base_cap_tilt_all_-45,forearm_ring_x_-0.55,16
935,73638.3797969744,wrist_cap_1_tilt_all_0,wrist_cap_2_tilt_all_15,16
936,73637.0212089204,upperarm_cap_2_tilt_all_-10,wrist_cap_1_tilt_all_-60,16
937,73618.3318954736,wrist_cap_1_tilt_all_0,wrist_cap_2_tilt_all_10,16
938,73606.4867582013,base_cap_tilt_all_-15,wrist_cap_2_tilt_all_60,16
939,73588.8842874189,base_cap_tilt_all_-60,wrist_cap_1_tilt_all_-60,16
940,73579.5091933176,forearm_cap_2_tilt_all_10,upperarm_ring_x_-0.36,16
941,73577.5821958001,forearm_cap_1_tilt_all_30,wrist_cap_1_tilt_all_-30,16
942,73477.2930676363,forearm_cap_2_tilt_all_0,upperarm_cap_2_tilt_all_-45,16
943,73468.5752265548,base_cap_tilt_all_-10,forearm_ring_x_-0.40,16
944,73462.9419009816,forearm_cap_1_tilt_all_30,wrist_cap_2_tilt_all_0,16
945,73461.0055345400,forearm_ring_x_-0.25,upperarm_cap_2_tilt_all_-10,16
946,73457.0995004459,forearm_ring_x_-0.30,upperarm_cap_2_tilt_all_-10,16
947,73434.9532690921,forearm_cap_2_tilt_all_30,wrist_cap_2_tilt_all_0,16
948,73427.5827692579,base_cap_tilt_all_-10,upperarm_ring_x_-0.31,16
949,73377.8969335575,base_cap_tilt_all_-45,forearm_cap_2_tilt_all_60,16
950,73377.5603398206,forearm_ring_x_-0.30,upperarm_cap_1_tilt_all_-10,16
951,73358.5913938989,forearm_ring_x_-0.35,upperarm_cap_2_tilt_all_-10,16
952,73348.6754343092,forearm_cap_2_tilt_all_30,wrist_cap_1_tilt_all_-30,16
953,73340.4310764065,forearm_ring_x_-0.55,upperarm_ring_tilt_all_45,16
954,73322.2820244125,upperarm_cap_1_tilt_all_-15,upperarm_ring_x_-0.51,16
955,73320.3142432036,flange_ring_tilt_all_-30,wrist_cap_2_tilt_all_45,16
956,73315.8790680241,forearm_ring_x_-0.20,upperarm_cap_2_tilt_all_-10,16
957,73315.3358567039,upperarm_cap_2_tilt_all_-15,upperarm_ring_x_-0.41,16
958,73302.0499541247,forearm_cap_2_tilt_all_15,upperarm_ring_x_-0.46,16
959,73297.6999678895,flange_ring_tilt_all_0,wrist_cap_1_tilt_all_0,16
960,73287.0730117014,forearm_cap_2_tilt_all_15,upperarm_ring_x_-0.51,16
961,73276.6468896465,base_cap_tilt_all_-60,forearm_ring_x_-0.30,16
962,73273.5653486128,base_cap_tilt_all_-45,flange_ring_tilt_all_-75,16
963,73262.3632323290,forearm_cap_2_tilt_all_0,forearm_ring_x_-0.20,16
964,73222.5336331484,flange_ring_tilt_all_-15,upperarm_cap_2_tilt_all_-10,16
965,73214.8913220210,wrist_cap_1_tilt_all_0,wrist_cap_2_tilt_all_0,16
966,73205.3709696145,upperarm_cap_1_tilt_all_-15,upperarm_ring_x_-0.31,16
967,73197.0685111503,flange_ring_tilt_all_-75,upperarm_ring_tilt_all_45,16
968,73190.8971771853,forearm_ring_x_-0.40,upperarm_cap_2_tilt_all_-10,16
969,73189.3745315470,base_cap_tilt_all_-60,flange_ring_tilt_all_-45,16
970,73170.1749465302,base_cap_tilt_all_-10,forearm_ring_x_-0.45,16
971,73148.7178793102,upperarm_cap_1_tilt_all_-15,wrist_cap_1_tilt_all_-45,16
972,73130.9801531835,forearm_cap_1_tilt_all_10,forearm_cap_2_tilt_all_10,16
973,73113.0780534695,upperarm_cap_2_tilt_all_-10,upperarm_ring_x_-0.26,16
974,73098.4415288872,forearm_cap_2_tilt_all_15,forearm_ring_x_-0.45,16
975,73090.8702355193,forearm_ring_x_-0.25,upperarm_cap_1_tilt_all_-10,16
976,73077.8898178499,forearm_cap_1_tilt_all_30,wrist_cap_1_tilt_all_0,16
977,73064.2653484853,flange_ring_tilt_all_-45,forearm_cap_1_tilt_all_15,16
978,72983.4938734237,forearm_ring_x_-0.15,upperarm_cap_2_tilt_all_-10,16
979,72958.3920246156,upperarm_cap_2_tilt_all_-10,upperarm_ring_tilt_all_10,16
980,72940.1402456377,base_cap_tilt_all_0,wrist_cap_2_tilt_all_45,16
981,72926.6853920753,flange_ring_tilt_all_0,wrist_cap_1_tilt_all_-30,16
982,72911.2242542258,upperarm_cap_2_tilt_all_-15,upperarm_ring_x_-0.51,16
983,72883.1870650742,base_cap_tilt_all_-30,flange_ring_tilt_all_-90,16
984,72875.0784175905,forearm_ring_x_-0.20,upperarm_cap_1_tilt_all_-10,16
985,72871.0659048416,upperarm_cap_1_tilt_all_-10,wrist_cap_1_tilt_all_-60,16
986,72869.2010410221,forearm_cap_2_tilt_all_10,upperarm_ring_x_-0.31,16
987,72865.6470613106,forearm_ring_x_-0.45,upperarm_cap_2_tilt_all_-10,16
988,72855.1903625534,flange_ring_tilt_all_-30,upperarm_cap_1_tilt_all_-10,16
989,72849.3300866948,base_cap_tilt_all_-30,upperarm_cap_1_tilt_all_-60,16
990,72802.3690842092,forearm_cap_2_tilt_all_30,upperarm_ring_tilt_all_30,16
991,72797.7344802689,forearm_cap_2_tilt_all_0,upperarm_ring_x_-0.21,16
992,72794.4596530297,base_cap_tilt_all_-15,upperarm_ring_x_-0.26,16
993,72780.6803235465,forearm_cap_2_tilt_all_10,forearm_ring_x_-0.30,16
994,72699.9051012489,forearm_cap_2_tilt_all_15,upperarm_ring_tilt_all_15,16
995,72678.9386542825,upperarm_cap_2_tilt_all_-10,wrist_cap_2_tilt_all_60,16
996,72674.1183441735,forearm_ring_x_-0.15,upperarm_cap_1_tilt_all_-10,16
997,72670.2537109082,flange_ring_tilt_all_0,upperarm_ring_x_-0.46,16
998,72669.4890994264,forearm_cap_1_tilt_all_0,forearm_cap_2_tilt_all_60,16
999,72654.7373226205,forearm_cap_2_tilt_all_15,forearm_ring_x_-0.40,16
1000,72615.9698470282,forearm_cap_2_tilt_all_15,upperarm_ring_x_-0.41,16
